[{"count": 1, "predicate": "isa", "arguments": [{"type": "concept", "value": "app"}, {"type": "category", "value": "concept"}]}, {"count": 1, "predicate": "isa", "arguments": [{"type": "concept", "value": "bedroom"}, {"type": "category", "value": "concept"}, {"type": "category", "value": "location"}]}, {"count": 1, "predicate": "isa", "arguments": [{"type": "concept", "value": "bluray player"}, {"type": "category", "value": "concept"}]}, {"count": 1, "predicate": "isa", "arguments": [{"type": "concept", "value": "dvd"}, {"type": "category", "value": "concept"}, {"type": "category", "value": "media"}]}, {"count": 1, "predicate": "isa", "arguments": [{"type": "concept", "value": "home"}, {"type": "category", "value": "concept"}, {"type": "category", "value": "location"}]}, {"count": 1, "predicate": "isa", "arguments": [{"type": "concept", "value": "house"}, {"type": "category", "value": "concept"}, {"type": "category", "value": "location"}]}, {"count": 1, "predicate": "isa", "arguments": [{"type": "concept", "value": "kitchen"}, {"type": "category", "value": "concept"}, {"type": "category", "value": "location"}]}, {"count": 1, "predicate": "isa", "arguments": [{"type": "concept", "value": "living room"}, {"type": "category", "value": "concept"}, {"type": "category", "value": "location"}]}, {"count": 1, "predicate": "isa", "arguments": [{"type": "concept", "value": "play"}, {"type": "category", "value": "concept"}, {"type": "category", "value": "action"}]}, {"count": 1, "predicate": "isa", "arguments": [{"type": "concept", "value": "power off"}, {"type": "category", "value": "concept"}]}, {"count": 1, "predicate": "isa", "arguments": [{"type": "concept", "value": "power on"}, {"type": "category", "value": "concept"}, {"type": "category", "value": "action"}]}, {"count": 1, "predicate": "isa", "arguments": [{"type": "concept", "value": "press power button"}, {"type": "category", "value": "concept"}, {"type": "category", "value": "action"}]}, {"count": 1, "predicate": "isa", "arguments": [{"type": "concept", "value": "quiet"}, {"type": "category", "value": "concept"}, {"type": "category", "value": "property"}]}, {"count": 1, "predicate": "isa", "arguments": [{"type": "concept", "value": "sleep"}, {"type": "category", "value": "concept"}, {"type": "category", "value": "action"}]}, {"count": 1, "predicate": "isa", "arguments": [{"type": "concept", "value": "switch off"}, {"type": "category", "value": "concept"}]}, {"count": 1, "predicate": "isa", "arguments": [{"type": "concept", "value": "switch on"}, {"type": "category", "value": "concept"}]}, {"count": 1, "predicate": "isa", "arguments": [{"type": "concept", "value": "talk"}, {"type": "category", "value": "concept"}, {"type": "category", "value": "action"}]}, {"count": 1, "predicate": "isa", "arguments": [{"type": "concept", "value": "television"}, {"type": "category", "value": "concept"}]}, {"count": 1, "predicate": "isa", "arguments": [{"type": "concept", "value": "turn down the volume"}, {"type": "category", "value": "concept"}, {"type": "category", "value": "action"}]}, {"count": 1, "predicate": "isa", "arguments": [{"type": "concept", "value": "turn off"}, {"type": "category", "value": "concept"}, {"type": "category", "value": "action"}]}, {"count": 1, "predicate": "isa", "arguments": [{"type": "concept", "value": "turn off the power"}, {"type": "category", "value": "concept"}, {"type": "category", "value": "action"}]}, {"count": 1, "predicate": "isa", "arguments": [{"type": "concept", "value": "turn on"}, {"type": "category", "value": "concept"}, {"type": "category", "value": "action"}]}, {"count": 1, "predicate": "isa", "arguments": [{"type": "concept", "value": "turn up the volume"}, {"type": "category", "value": "concept"}, {"type": "category", "value": "action"}]}, {"count": 1, "predicate": "isa", "arguments": [{"type": "concept", "value": "tv"}, {"type": "category", "value": "concept"}, {"type": "category", "value": "object"}, {"type": "category", "value": "electronics"}, {"type": "category", "value": "consumer electronics"}, {"type": "category", "value": "device"}]}, {"count": 1, "predicate": "isa", "arguments": [{"type": "concept", "value": "watch tv"}, {"type": "category", "value": "concept"}, {"type": "category", "value": "action"}]}, {"count": 1, "predicate": "isa", "arguments": [{"type": "concept", "value": "movie"}, {"type": "category", "value": "concept"}, {"type": "category", "value": "content type"}]}, {"count": 1, "predicate": "isa", "arguments": [{"type": "concept", "value": "news"}, {"type": "category", "value": "concept"}, {"type": "category", "value": "content type"}]}, {"count": 1, "predicate": "isa", "arguments": [{"type": "concept", "value": "sports"}, {"type": "category", "value": "concept"}, {"type": "category", "value": "content type"}]}, {"count": 1, "predicate": "isa", "arguments": [{"type": "concept", "value": "documentary"}, {"type": "category", "value": "concept"}, {"type": "category", "value": "content type"}]}, {"count": 1, "predicate": "isa", "arguments": [{"type": "concept", "value": "reality"}, {"type": "category", "value": "concept"}, {"type": "category", "value": "content type"}]}, {"count": 1, "predicate": "isa", "arguments": [{"type": "concept", "value": "kids"}, {"type": "category", "value": "concept"}, {"type": "category", "value": "content type"}]}, {"count": 1, "predicate": "isa", "arguments": [{"type": "concept", "value": "record"}, {"type": "category", "value": "concept"}, {"type": "category", "value": "action"}]}, {"count": 1, "predicate": "isa", "arguments": [{"type": "concept", "value": "download"}, {"type": "category", "value": "concept"}, {"type": "category", "value": "action"}]}, {"count": 1, "predicate": "isa", "arguments": [{"type": "concept", "value": "launch"}, {"type": "category", "value": "concept"}, {"type": "category", "value": "action"}]}, {"count": 1, "predicate": "isa", "arguments": [{"type": "concept", "value": "exit"}, {"type": "category", "value": "concept"}, {"type": "category", "value": "action"}]}, {"count": 1, "predicate": "isa", "arguments": [{"type": "concept", "value": "quit"}, {"type": "category", "value": "concept"}, {"type": "category", "value": "action"}]}, {"count": 1, "predicate": "isa", "arguments": [{"type": "concept", "value": "search"}, {"type": "category", "value": "concept"}, {"type": "category", "value": "action"}]}, {"count": 1, "predicate": "isa", "arguments": [{"type": "concept", "value": "purchase"}, {"type": "category", "value": "concept"}, {"type": "category", "value": "action"}]}, {"count": 1, "predicate": "isa", "arguments": [{"type": "concept", "value": "buy"}, {"type": "category", "value": "concept"}, {"type": "category", "value": "action"}]}, {"count": 1, "predicate": "isa", "arguments": [{"type": "concept", "value": "take picture"}, {"type": "category", "value": "concept"}, {"type": "category", "value": "action"}]}, {"count": 1, "predicate": "isa", "arguments": [{"type": "concept", "value": "chat"}, {"type": "category", "value": "concept"}, {"type": "category", "value": "action"}]}, {"count": 1, "predicate": "isa", "arguments": [{"type": "concept", "value": "call"}, {"type": "category", "value": "concept"}, {"type": "category", "value": "action"}]}, {"count": 1, "predicate": "isa", "arguments": [{"type": "concept", "value": "channel"}, {"type": "category", "value": "concept"}]}]