[{"count": 24, "predicate": "device_action", "arguments": [{"type": "device", "value": "vcr"}, {"type": "action", "value": "record"}]}, {"count": 18, "predicate": "action", "arguments": [{"type": "action", "value": "play games"}]}, {"count": 16, "predicate": "device_location", "arguments": [{"type": "device", "value": "ps3"}, {"type": "location", "value": "under tv"}]}, {"count": 12, "predicate": "action", "arguments": [{"type": "action", "value": "call"}]}, {"count": 11, "predicate": "device", "arguments": [{"type": "device", "value": "vcr"}]}, {"count": 11, "predicate": "device_location", "arguments": [{"type": "device", "value": "tv"}, {"type": "location", "value": "living room"}]}, {"count": 11, "predicate": "location_action", "arguments": [{"type": "location", "value": "best buy"}, {"type": "action", "value": "demo tv"}]}, {"count": 11, "predicate": "location_action", "arguments": [{"type": "location", "value": "house"}, {"type": "action", "value": "watch tv"}]}, {"count": 10, "predicate": "motivation_of", "arguments": [{"type": "action", "value": "record"}, {"type": "action", "value": "watch later"}]}, {"count": 9, "predicate": "concept_concept", "arguments": [{"type": "concept", "value": "turn off the power"}, {"type": "concept", "value": "go away!"}]}, {"count": 9, "predicate": "device", "arguments": [{"type": "device", "value": "xbox"}]}, {"count": 9, "predicate": "device_location", "arguments": [{"type": "device", "value": "tv"}, {"type": "location", "value": "best buy"}]}, {"count": 9, "predicate": "location_action", "arguments": [{"type": "location", "value": "bedroom"}, {"type": "action", "value": "watch news"}]}, {"count": 8, "predicate": "action", "arguments": [{"type": "action", "value": "tweet"}]}, {"count": 8, "predicate": "concept_concept", "arguments": [{"type": "concept", "value": "eat"}, {"type": "concept", "value": "lunch"}]}, {"count": 8, "predicate": "concept_concept", "arguments": [{"type": "concept", "value": "switch on"}, {"type": "concept", "value": "switch on"}]}, {"count": 8, "predicate": "location_action", "arguments": [{"type": "location", "value": "house"}, {"type": "action", "value": "sleep"}]}, {"count": 8, "predicate": "location_action", "arguments": [{"type": "location", "value": "house"}, {"type": "action", "value": "eat"}]}, {"count": 7, "predicate": "action", "arguments": [{"type": "action", "value": "watch movie"}]}, {"count": 7, "predicate": "device", "arguments": [{"type": "device", "value": "bluray player"}]}, {"count": 7, "predicate": "device_location", "arguments": [{"type": "device", "value": "tv"}, {"type": "location", "value": "bedroom"}]}, {"count": 7, "predicate": "device_location", "arguments": [{"type": "device", "value": "tv"}, {"type": "location", "value": "house"}]}, {"count": 6, "predicate": "action", "arguments": [{"type": "action", "value": "watch news"}]}, {"count": 6, "predicate": "action", "arguments": [{"type": "action", "value": "watch movies"}]}, {"count": 6, "predicate": "action", "arguments": [{"type": "action", "value": "play game"}]}, {"count": 6, "predicate": "device", "arguments": [{"type": "device", "value": "ps3"}]}, {"count": 6, "predicate": "device_action", "arguments": [{"type": "device", "value": "tv"}, {"type": "action", "value": "play games"}]}, {"count": 6, "predicate": "device_location", "arguments": [{"type": "device", "value": "dvr"}, {"type": "location", "value": "next to tv"}]}, {"count": 6, "predicate": "device_location", "arguments": [{"type": "device", "value": "tv"}, {"type": "location", "value": "bed room"}]}, {"count": 6, "predicate": "type_of", "arguments": [{"type": "concept", "value": "house"}, {"type": "concept", "value": "residence"}]}, {"count": 5, "predicate": "action", "arguments": [{"type": "action", "value": "facebook"}]}, {"count": 5, "predicate": "device_action", "arguments": [{"type": "device", "value": "vcr"}, {"type": "action", "value": "play"}]}, {"count": 5, "predicate": "location_action", "arguments": [{"type": "location", "value": "house"}, {"type": "action", "value": "cook"}]}, {"count": 4, "predicate": "action", "arguments": [{"type": "action", "value": "watch"}]}, {"count": 4, "predicate": "action", "arguments": [{"type": "action", "value": "search for content"}]}, {"count": 4, "predicate": "action_app", "arguments": [{"type": "action", "value": "watch movie"}, {"type": "app", "value": "hulu"}]}, {"count": 4, "predicate": "action_app", "arguments": [{"type": "action", "value": "watch movie"}, {"type": "app", "value": "hulu"}]}, {"count": 4, "predicate": "concept_concept", "arguments": [{"type": "concept", "value": "switch on"}, {"type": "concept", "value": "turn on"}]}, {"count": 4, "predicate": "device_action", "arguments": [{"type": "device", "value": "vcr"}, {"type": "action", "value": "record"}]}, {"count": 4, "predicate": "device_action", "arguments": [{"type": "device", "value": "ps3"}, {"type": "action", "value": "play game"}]}, {"count": 4, "predicate": "device_location", "arguments": [{"type": "device", "value": "tv"}, {"type": "location", "value": "kitchen"}]}, {"count": 4, "predicate": "device_location", "arguments": [{"type": "device", "value": "tv"}, {"type": "location", "value": "home"}]}, {"count": 4, "predicate": "device_location", "arguments": [{"type": "device", "value": "tv"}, {"type": "location", "value": "bedroom"}]}, {"count": 4, "predicate": "location_action", "arguments": [{"type": "location", "value": "kitchen"}, {"type": "action", "value": "play games"}]}, {"count": 3, "predicate": "action", "arguments": [{"type": "action", "value": "buy apps"}]}, {"count": 3, "predicate": "action", "arguments": [{"type": "action", "value": "chat"}]}, {"count": 3, "predicate": "action", "arguments": [{"type": "action", "value": "skype"}]}, {"count": 3, "predicate": "action", "arguments": [{"type": "action", "value": "turn off"}]}, {"count": 3, "predicate": "action", "arguments": [{"type": "action", "value": "turn on"}]}, {"count": 3, "predicate": "action", "arguments": [{"type": "action", "value": "watch tv"}]}, {"count": 3, "predicate": "action_app", "arguments": [{"type": "action", "value": "search"}, {"type": "app", "value": "yahoo"}]}, {"count": 3, "predicate": "action_app", "arguments": [{"type": "action", "value": "watch movie"}, {"type": "app", "value": "amazon"}]}, {"count": 3, "predicate": "action_app", "arguments": [{"type": "action", "value": "watch movie"}, {"type": "app", "value": "netflix"}]}, {"count": 3, "predicate": "action_app", "arguments": [{"type": "action", "value": "search"}, {"type": "app", "value": "google"}]}, {"count": 3, "predicate": "action_app", "arguments": [{"type": "action", "value": "watch movie"}, {"type": "app", "value": "netflix"}]}, {"count": 3, "predicate": "concept_concept", "arguments": [{"type": "concept", "value": "switch on"}, {"type": "concept", "value": "power on"}]}, {"count": 3, "predicate": "concept_concept", "arguments": [{"type": "concept", "value": "quit"}, {"type": "concept", "value": "turn off"}]}, {"count": 3, "predicate": "concept_concept", "arguments": [{"type": "concept", "value": "quit"}, {"type": "concept", "value": "switch off"}]}, {"count": 3, "predicate": "device", "arguments": [{"type": "device", "value": "dvd player"}]}, {"count": 3, "predicate": "device", "arguments": [{"type": "device", "value": "dvd"}]}, {"count": 3, "predicate": "device", "arguments": [{"type": "device", "value": "wii"}]}, {"count": 3, "predicate": "device", "arguments": [{"type": "device", "value": "dvr"}]}, {"count": 3, "predicate": "device_action", "arguments": [{"type": "device", "value": "vcr"}, {"type": "action", "value": "watch"}]}, {"count": 3, "predicate": "device_action", "arguments": [{"type": "device", "value": "ps3"}, {"type": "action", "value": "watch movie"}]}, {"count": 3, "predicate": "device_action", "arguments": [{"type": "device", "value": "tv"}, {"type": "action", "value": "turn on"}]}, {"count": 3, "predicate": "device_action", "arguments": [{"type": "device", "value": "tv"}, {"type": "action", "value": "turn off"}]}, {"count": 3, "predicate": "device_location", "arguments": [{"type": "device", "value": "tv"}, {"type": "location", "value": "room"}]}, {"count": 3, "predicate": "device_location", "arguments": [{"type": "device", "value": "ps3"}, {"type": "location", "value": "game room"}]}, {"count": 3, "predicate": "device_location", "arguments": [{"type": "device", "value": "tv"}, {"type": "location", "value": "kitchen"}]}, {"count": 3, "predicate": "duration_of_action", "arguments": [{"type": "action", "value": "chat"}, {"type": "duration", "value": "1 min"}]}, {"count": 3, "predicate": "duration_of_action", "arguments": [{"type": "action", "value": "chat"}, {"type": "duration", "value": "thirty minutes"}]}, {"count": 3, "predicate": "location_action", "arguments": [{"type": "location", "value": "house"}, {"type": "action", "value": "talk"}]}, {"count": 3, "predicate": "location_action", "arguments": [{"type": "location", "value": "kitchen"}, {"type": "action", "value": "wash dishes"}]}, {"count": 3, "predicate": "location_action", "arguments": [{"type": "location", "value": "kitchen"}, {"type": "action", "value": "wash dishes"}]}, {"count": 3, "predicate": "location_action", "arguments": [{"type": "location", "value": "house"}, {"type": "action", "value": "sleep"}]}, {"count": 3, "predicate": "motivation_of", "arguments": [{"type": "action", "value": "turn down the volume"}, {"type": "action", "value": "too loud"}]}, {"count": 3, "predicate": "motivation_of", "arguments": [{"type": "action", "value": "turn down the volume"}, {"type": "action", "value": "too loud"}]}, {"count": 2, "predicate": "action", "arguments": [{"type": "action", "value": "buy a movie"}]}, {"count": 2, "predicate": "action", "arguments": [{"type": "action", "value": "everything"}]}, {"count": 2, "predicate": "action", "arguments": [{"type": "action", "value": "listen to music"}]}, {"count": 2, "predicate": "action", "arguments": [{"type": "action", "value": "call someone"}]}, {"count": 2, "predicate": "action", "arguments": [{"type": "action", "value": "buy clothes"}]}, {"count": 2, "predicate": "action", "arguments": [{"type": "action", "value": "watch something"}]}, {"count": 2, "predicate": "action", "arguments": [{"type": "action", "value": "flip channels"}]}, {"count": 2, "predicate": "action", "arguments": [{"type": "action", "value": "power on"}]}, {"count": 2, "predicate": "action", "arguments": [{"type": "action", "value": "purchase"}]}, {"count": 2, "predicate": "action", "arguments": [{"type": "action", "value": "call"}]}, {"count": 2, "predicate": "action", "arguments": [{"type": "action", "value": "browse movies"}]}, {"count": 2, "predicate": "action", "arguments": [{"type": "action", "value": "change channel"}]}, {"count": 2, "predicate": "action", "arguments": [{"type": "action", "value": "watch tv shows"}]}, {"count": 2, "predicate": "action", "arguments": [{"type": "action", "value": "watch a presentation"}]}, {"count": 2, "predicate": "action", "arguments": [{"type": "action", "value": "read books"}]}, {"count": 2, "predicate": "action", "arguments": [{"type": "action", "value": "video confewrence"}]}, {"count": 2, "predicate": "action_app", "arguments": [{"type": "action", "value": "watch movie"}, {"type": "app", "value": "yourvideo"}]}, {"count": 2, "predicate": "action_app", "arguments": [{"type": "action", "value": "watch movie"}, {"type": "app", "value": "vudu"}]}, {"count": 2, "predicate": "action_app", "arguments": [{"type": "action", "value": "watch movie"}, {"type": "app", "value": "vudu"}]}, {"count": 2, "predicate": "concept_concept", "arguments": [{"type": "concept", "value": "kitchen"}, {"type": "concept", "value": "cook room"}]}, {"count": 2, "predicate": "concept_concept", "arguments": [{"type": "concept", "value": "switch on"}, {"type": "concept", "value": "power up"}]}, {"count": 2, "predicate": "concept_concept", "arguments": [{"type": "concept", "value": "switch on"}, {"type": "concept", "value": "start"}]}, {"count": 2, "predicate": "concept_concept", "arguments": [{"type": "concept", "value": "dvd"}, {"type": "concept", "value": "disc"}]}, {"count": 2, "predicate": "concept_concept", "arguments": [{"type": "concept", "value": "switch on"}, {"type": "concept", "value": "start"}]}, {"count": 2, "predicate": "concept_concept", "arguments": [{"type": "concept", "value": "switch on"}, {"type": "concept", "value": "power up"}]}, {"count": 2, "predicate": "concept_concept", "arguments": [{"type": "concept", "value": "kitchen"}, {"type": "concept", "value": "cook room"}]}, {"count": 2, "predicate": "concept_concept", "arguments": [{"type": "concept", "value": "eat"}, {"type": "concept", "value": "lunch"}]}, {"count": 2, "predicate": "concept_concept", "arguments": [{"type": "concept", "value": "dvd"}, {"type": "concept", "value": "disc"}]}, {"count": 2, "predicate": "device", "arguments": [{"type": "device", "value": "gamecube"}]}, {"count": 2, "predicate": "device", "arguments": [{"type": "device", "value": "bluray"}]}, {"count": 2, "predicate": "device", "arguments": [{"type": "device", "value": "home theater"}]}, {"count": 2, "predicate": "device", "arguments": [{"type": "device", "value": "vhs"}]}, {"count": 2, "predicate": "device", "arguments": [{"type": "device", "value": "blu ray player"}]}, {"count": 2, "predicate": "device_action", "arguments": [{"type": "device", "value": "vcr"}, {"type": "action", "value": "rewind"}]}, {"count": 2, "predicate": "device_action", "arguments": [{"type": "device", "value": "vcr"}, {"type": "action", "value": "rewind"}]}, {"count": 2, "predicate": "device_action", "arguments": [{"type": "device", "value": "vcr"}, {"type": "action", "value": "play"}]}, {"count": 2, "predicate": "device_action", "arguments": [{"type": "device", "value": "vcr"}, {"type": "action", "value": "watch"}]}, {"count": 2, "predicate": "device_action", "arguments": [{"type": "device", "value": "tv"}, {"type": "action", "value": "channel change"}]}, {"count": 2, "predicate": "device_action", "arguments": [{"type": "device", "value": "tv"}, {"type": "action", "value": "watch movies"}]}, {"count": 2, "predicate": "device_action", "arguments": [{"type": "device", "value": "tv"}, {"type": "action", "value": "turn on"}]}, {"count": 2, "predicate": "device_action", "arguments": [{"type": "device", "value": "tv"}, {"type": "action", "value": "play games"}]}, {"count": 2, "predicate": "device_action", "arguments": [{"type": "device", "value": "ps3"}, {"type": "action", "value": "watch movie"}]}, {"count": 2, "predicate": "device_action", "arguments": [{"type": "device", "value": "ps3"}, {"type": "action", "value": "play game"}]}, {"count": 2, "predicate": "device_location", "arguments": [{"type": "device", "value": "dvd"}, {"type": "location", "value": "store"}]}, {"count": 2, "predicate": "device_location", "arguments": [{"type": "device", "value": "xbox"}, {"type": "location", "value": "any room"}]}, {"count": 2, "predicate": "device_location", "arguments": [{"type": "device", "value": "xbox"}, {"type": "location", "value": "microsoft store"}]}, {"count": 2, "predicate": "device_location", "arguments": [{"type": "device", "value": "tv"}, {"type": "location", "value": "best buy"}]}, {"count": 2, "predicate": "device_location", "arguments": [{"type": "device", "value": "ps3"}, {"type": "location", "value": "dorm"}]}, {"count": 2, "predicate": "device_location", "arguments": [{"type": "device", "value": "dvr"}, {"type": "location", "value": "next to tv"}]}, {"count": 2, "predicate": "duration_of_action", "arguments": [{"type": "action", "value": "chat"}, {"type": "duration", "value": "1 min"}]}, {"count": 2, "predicate": "location_action", "arguments": [{"type": "location", "value": "best buy"}, {"type": "action", "value": "buy computer"}]}, {"count": 2, "predicate": "location_action", "arguments": [{"type": "location", "value": "best buy"}, {"type": "action", "value": "buy laptop"}]}, {"count": 2, "predicate": "location_action", "arguments": [{"type": "location", "value": "kitchen"}, {"type": "action", "value": "clean"}]}, {"count": 2, "predicate": "location_action", "arguments": [{"type": "location", "value": "kitchen"}, {"type": "action", "value": "read"}]}, {"count": 2, "predicate": "location_action", "arguments": [{"type": "location", "value": "best buy"}, {"type": "action", "value": "buy computer"}]}, {"count": 2, "predicate": "location_action", "arguments": [{"type": "location", "value": "best buy"}, {"type": "action", "value": "buy tv"}]}, {"count": 2, "predicate": "location_action", "arguments": [{"type": "location", "value": "best buy"}, {"type": "action", "value": "buy tv"}]}, {"count": 2, "predicate": "location_action", "arguments": [{"type": "location", "value": "bedroom"}, {"type": "action", "value": "watch movie"}]}, {"count": 2, "predicate": "location_action", "arguments": [{"type": "location", "value": "kitchen"}, {"type": "action", "value": "clean"}]}, {"count": 2, "predicate": "location_action", "arguments": [{"type": "location", "value": "house"}, {"type": "action", "value": "watch tv"}]}, {"count": 2, "predicate": "motivation_of", "arguments": [{"type": "action", "value": "record"}, {"type": "action", "value": "watch later"}]}, {"count": 2, "predicate": "motivation_of", "arguments": [{"type": "action", "value": "record"}, {"type": "action", "value": "watch later"}]}, {"count": 2, "predicate": "type_of", "arguments": [{"type": "concept", "value": "house"}, {"type": "concept", "value": "mobile home"}]}, {"count": 2, "predicate": "type_of", "arguments": [{"type": "concept", "value": "house"}, {"type": "concept", "value": "apartment"}]}, {"count": 2, "predicate": "type_of", "arguments": [{"type": "concept", "value": "house"}, {"type": "concept", "value": "apartment"}]}, {"count": 2, "predicate": "type_of", "arguments": [{"type": "concept", "value": "house"}, {"type": "concept", "value": "mansion"}]}, {"count": 2, "predicate": "type_of", "arguments": [{"type": "concept", "value": "house"}, {"type": "concept", "value": "mobile home"}]}, {"count": 2, "predicate": "type_of", "arguments": [{"type": "concept", "value": "house"}, {"type": "concept", "value": "condo"}]}, {"count": 2, "predicate": "type_of", "arguments": [{"type": "concept", "value": "house"}, {"type": "concept", "value": "mobile home"}]}, {"count": 2, "predicate": "type_of", "arguments": [{"type": "concept", "value": "house"}, {"type": "concept", "value": "mansion"}]}, {"count": 2, "predicate": "type_of", "arguments": [{"type": "concept", "value": "house"}, {"type": "concept", "value": "apartment"}]}, {"count": 1, "predicate": "action", "arguments": [{"type": "action", "value": "watch it"}]}, {"count": 1, "predicate": "action", "arguments": [{"type": "action", "value": "play a game"}]}, {"count": 1, "predicate": "action", "arguments": [{"type": "action", "value": "browse facebook"}]}, {"count": 1, "predicate": "action", "arguments": [{"type": "action", "value": "rent a movie"}]}, {"count": 1, "predicate": "action", "arguments": [{"type": "action", "value": "buy"}]}, {"count": 1, "predicate": "action", "arguments": [{"type": "action", "value": "browse the web"}]}, {"count": 1, "predicate": "action", "arguments": [{"type": "action", "value": "timepass"}]}, {"count": 1, "predicate": "action", "arguments": [{"type": "action", "value": "read facebook"}]}, {"count": 1, "predicate": "action", "arguments": [{"type": "action", "value": "video call"}]}, {"count": 1, "predicate": "action", "arguments": [{"type": "action", "value": "sell them in the appstore"}]}, {"count": 1, "predicate": "action", "arguments": [{"type": "action", "value": "search"}]}, {"count": 1, "predicate": "action", "arguments": [{"type": "action", "value": "buy"}]}, {"count": 1, "predicate": "action", "arguments": [{"type": "action", "value": "install"}]}, {"count": 1, "predicate": "action", "arguments": [{"type": "action", "value": "view directions"}]}, {"count": 1, "predicate": "action", "arguments": [{"type": "action", "value": "browse web"}]}, {"count": 1, "predicate": "action", "arguments": [{"type": "action", "value": "read story"}]}, {"count": 1, "predicate": "action", "arguments": [{"type": "action", "value": "see a show"}]}, {"count": 1, "predicate": "action", "arguments": [{"type": "action", "value": "skype"}]}, {"count": 1, "predicate": "action", "arguments": [{"type": "action", "value": "search"}]}, {"count": 1, "predicate": "action", "arguments": [{"type": "action", "value": "chat"}]}, {"count": 1, "predicate": "action", "arguments": [{"type": "action", "value": "watch movie"}]}, {"count": 1, "predicate": "action", "arguments": [{"type": "action", "value": "tweet"}]}, {"count": 1, "predicate": "action", "arguments": [{"type": "action", "value": "facebook"}]}, {"count": 1, "predicate": "action", "arguments": [{"type": "action", "value": "install"}]}, {"count": 1, "predicate": "action", "arguments": [{"type": "action", "value": "browse web"}]}, {"count": 1, "predicate": "action", "arguments": [{"type": "action", "value": "read story"}]}, {"count": 1, "predicate": "action", "arguments": [{"type": "action", "value": "view directions"}]}, {"count": 1, "predicate": "action", "arguments": [{"type": "action", "value": "purchase"}]}, {"count": 1, "predicate": "action", "arguments": [{"type": "action", "value": "watch news"}]}, {"count": 1, "predicate": "action", "arguments": [{"type": "action", "value": "see a show"}]}, {"count": 1, "predicate": "action", "arguments": [{"type": "action", "value": "read facebook"}]}, {"count": 1, "predicate": "action", "arguments": [{"type": "action", "value": "sell them in the appstore"}]}, {"count": 1, "predicate": "action", "arguments": [{"type": "action", "value": "buy apps"}]}, {"count": 1, "predicate": "action", "arguments": [{"type": "action", "value": "browse the web"}]}, {"count": 1, "predicate": "action", "arguments": [{"type": "action", "value": "video call"}]}, {"count": 1, "predicate": "action", "arguments": [{"type": "action", "value": "timepass"}]}, {"count": 1, "predicate": "action", "arguments": [{"type": "action", "value": "play movie"}]}, {"count": 1, "predicate": "action", "arguments": [{"type": "action", "value": "search for content"}]}, {"count": 1, "predicate": "action", "arguments": [{"type": "action", "value": "play movie"}]}, {"count": 1, "predicate": "action_app", "arguments": [{"type": "action", "value": "search"}, {"type": "app", "value": "yelp"}]}, {"count": 1, "predicate": "action_app", "arguments": [{"type": "action", "value": "turn off"}, {"type": "app", "value": "remote app"}]}, {"count": 1, "predicate": "action_app", "arguments": [{"type": "action", "value": "watch movie"}, {"type": "app", "value": "wudu"}]}, {"count": 1, "predicate": "action_app", "arguments": [{"type": "action", "value": "watch movie"}, {"type": "app", "value": "google play"}]}, {"count": 1, "predicate": "action_app", "arguments": [{"type": "action", "value": "watch movie"}, {"type": "app", "value": "your video"}]}, {"count": 1, "predicate": "action_app", "arguments": [{"type": "action", "value": "watch movie"}, {"type": "app", "value": "vuvu"}]}, {"count": 1, "predicate": "action_app", "arguments": [{"type": "action", "value": "watch movie"}, {"type": "app", "value": "blockbuster"}]}, {"count": 1, "predicate": "action_app", "arguments": [{"type": "action", "value": "turn off"}, {"type": "app", "value": "remote app"}]}, {"count": 1, "predicate": "action_app", "arguments": [{"type": "action", "value": "search"}, {"type": "app", "value": "allvideo"}]}, {"count": 1, "predicate": "action_app", "arguments": [{"type": "action", "value": "search"}, {"type": "app", "value": "bing"}]}, {"count": 1, "predicate": "action_app", "arguments": [{"type": "action", "value": "search"}, {"type": "app", "value": "internet explorer"}]}, {"count": 1, "predicate": "action_app", "arguments": [{"type": "action", "value": "search"}, {"type": "app", "value": "lycos"}]}, {"count": 1, "predicate": "action_app", "arguments": [{"type": "action", "value": "search"}, {"type": "app", "value": "search engine"}]}, {"count": 1, "predicate": "action_app", "arguments": [{"type": "action", "value": "search"}, {"type": "app", "value": "altavista"}]}, {"count": 1, "predicate": "action_app", "arguments": [{"type": "action", "value": "search"}, {"type": "app", "value": "webcrawler"}]}, {"count": 1, "predicate": "action_app", "arguments": [{"type": "action", "value": "search"}, {"type": "app", "value": "safari"}]}, {"count": 1, "predicate": "action_app", "arguments": [{"type": "action", "value": "watch movie"}, {"type": "app", "value": "blockbuster"}]}, {"count": 1, "predicate": "action_app", "arguments": [{"type": "action", "value": "watch movie"}, {"type": "app", "value": "wudu"}]}, {"count": 1, "predicate": "action_app", "arguments": [{"type": "action", "value": "watch movie"}, {"type": "app", "value": "vuvu"}]}, {"count": 1, "predicate": "action_app", "arguments": [{"type": "action", "value": "watch movie"}, {"type": "app", "value": "amazon"}]}, {"count": 1, "predicate": "action_app", "arguments": [{"type": "action", "value": "watch movie"}, {"type": "app", "value": "youtube"}]}, {"count": 1, "predicate": "action_app", "arguments": [{"type": "action", "value": "watch movie"}, {"type": "app", "value": "google play"}]}, {"count": 1, "predicate": "action_app", "arguments": [{"type": "action", "value": "watch movie"}, {"type": "app", "value": "your video"}]}, {"count": 1, "predicate": "concept_concept", "arguments": [{"type": "concept", "value": "kitchen"}, {"type": "concept", "value": "cocking room"}]}, {"count": 1, "predicate": "concept_concept", "arguments": [{"type": "concept", "value": "kitchen"}, {"type": "concept", "value": "cafeteria"}]}, {"count": 1, "predicate": "concept_concept", "arguments": [{"type": "concept", "value": "kitchen"}, {"type": "concept", "value": "cook house"}]}, {"count": 1, "predicate": "concept_concept", "arguments": [{"type": "concept", "value": "call"}, {"type": "concept", "value": "telephone call"}]}, {"count": 1, "predicate": "concept_concept", "arguments": [{"type": "concept", "value": "switch on"}, {"type": "concept", "value": "tv on"}]}, {"count": 1, "predicate": "concept_concept", "arguments": [{"type": "concept", "value": "switch on"}, {"type": "concept", "value": "flip on"}]}, {"count": 1, "predicate": "concept_concept", "arguments": [{"type": "concept", "value": "turn off the power"}, {"type": "concept", "value": "off"}]}, {"count": 1, "predicate": "concept_concept", "arguments": [{"type": "concept", "value": "turn off the power"}, {"type": "concept", "value": "stop"}]}, {"count": 1, "predicate": "concept_concept", "arguments": [{"type": "concept", "value": "turn off the power"}, {"type": "concept", "value": "power off"}]}, {"count": 1, "predicate": "concept_concept", "arguments": [{"type": "concept", "value": "quit"}, {"type": "concept", "value": "quit out"}]}, {"count": 1, "predicate": "concept_concept", "arguments": [{"type": "concept", "value": "quit"}, {"type": "concept", "value": "terminate"}]}, {"count": 1, "predicate": "concept_concept", "arguments": [{"type": "concept", "value": "quit"}, {"type": "concept", "value": "exit"}]}, {"count": 1, "predicate": "concept_concept", "arguments": [{"type": "concept", "value": "eat"}, {"type": "concept", "value": "swallow"}]}, {"count": 1, "predicate": "concept_concept", "arguments": [{"type": "concept", "value": "eat"}, {"type": "concept", "value": "snake"}]}, {"count": 1, "predicate": "concept_concept", "arguments": [{"type": "concept", "value": "eat"}, {"type": "concept", "value": "consume"}]}, {"count": 1, "predicate": "concept_concept", "arguments": [{"type": "concept", "value": "eat"}, {"type": "concept", "value": "grab a bite"}]}, {"count": 1, "predicate": "concept_concept", "arguments": [{"type": "concept", "value": "eat"}, {"type": "concept", "value": "bite"}]}, {"count": 1, "predicate": "concept_concept", "arguments": [{"type": "concept", "value": "eat"}, {"type": "concept", "value": "devour"}]}, {"count": 1, "predicate": "concept_concept", "arguments": [{"type": "concept", "value": "eat"}, {"type": "concept", "value": "get food"}]}, {"count": 1, "predicate": "concept_concept", "arguments": [{"type": "concept", "value": "eat"}, {"type": "concept", "value": "app store"}]}, {"count": 1, "predicate": "concept_concept", "arguments": [{"type": "concept", "value": "eat"}, {"type": "concept", "value": "dinner"}]}, {"count": 1, "predicate": "concept_concept", "arguments": [{"type": "concept", "value": "clean"}, {"type": "concept", "value": "order"}]}, {"count": 1, "predicate": "concept_concept", "arguments": [{"type": "concept", "value": "clean"}, {"type": "concept", "value": "tidy"}]}, {"count": 1, "predicate": "concept_concept", "arguments": [{"type": "concept", "value": "clean"}, {"type": "concept", "value": "purify"}]}, {"count": 1, "predicate": "concept_concept", "arguments": [{"type": "concept", "value": "clean"}, {"type": "concept", "value": "clean up"}]}, {"count": 1, "predicate": "concept_concept", "arguments": [{"type": "concept", "value": "clean"}, {"type": "concept", "value": "set in order"}]}, {"count": 1, "predicate": "concept_concept", "arguments": [{"type": "concept", "value": "clean"}, {"type": "concept", "value": "purify"}]}, {"count": 1, "predicate": "concept_concept", "arguments": [{"type": "concept", "value": "clean"}, {"type": "concept", "value": "clean up"}]}, {"count": 1, "predicate": "concept_concept", "arguments": [{"type": "concept", "value": "clean"}, {"type": "concept", "value": "tidy"}]}, {"count": 1, "predicate": "concept_concept", "arguments": [{"type": "concept", "value": "clean"}, {"type": "concept", "value": "order"}]}, {"count": 1, "predicate": "concept_concept", "arguments": [{"type": "concept", "value": "clean"}, {"type": "concept", "value": "set in order"}]}, {"count": 1, "predicate": "concept_concept", "arguments": [{"type": "concept", "value": "dvd"}, {"type": "concept", "value": "digital versatile disc"}]}, {"count": 1, "predicate": "concept_concept", "arguments": [{"type": "concept", "value": "dvd"}, {"type": "concept", "value": "high definition cd"}]}, {"count": 1, "predicate": "concept_concept", "arguments": [{"type": "concept", "value": "dvd"}, {"type": "concept", "value": "movie disc"}]}, {"count": 1, "predicate": "concept_concept", "arguments": [{"type": "concept", "value": "dvd"}, {"type": "concept", "value": "movie"}]}, {"count": 1, "predicate": "concept_concept", "arguments": [{"type": "concept", "value": "dvd"}, {"type": "concept", "value": "movie disk"}]}, {"count": 1, "predicate": "concept_concept", "arguments": [{"type": "concept", "value": "dvd"}, {"type": "concept", "value": "digital versatile disk"}]}, {"count": 1, "predicate": "concept_concept", "arguments": [{"type": "concept", "value": "dvd"}, {"type": "concept", "value": "disk"}]}, {"count": 1, "predicate": "concept_concept", "arguments": [{"type": "concept", "value": "switch on"}, {"type": "concept", "value": "switch on"}]}, {"count": 1, "predicate": "concept_concept", "arguments": [{"type": "concept", "value": "switch on"}, {"type": "concept", "value": "tv on"}]}, {"count": 1, "predicate": "concept_concept", "arguments": [{"type": "concept", "value": "switch on"}, {"type": "concept", "value": "flip on"}]}, {"count": 1, "predicate": "concept_concept", "arguments": [{"type": "concept", "value": "kitchen"}, {"type": "concept", "value": "cocking room"}]}, {"count": 1, "predicate": "concept_concept", "arguments": [{"type": "concept", "value": "kitchen"}, {"type": "concept", "value": "cafeteria"}]}, {"count": 1, "predicate": "concept_concept", "arguments": [{"type": "concept", "value": "kitchen"}, {"type": "concept", "value": "cook house"}]}, {"count": 1, "predicate": "concept_concept", "arguments": [{"type": "concept", "value": "sleep"}, {"type": "concept", "value": "shuteye"}]}, {"count": 1, "predicate": "concept_concept", "arguments": [{"type": "concept", "value": "sleep"}, {"type": "concept", "value": "slumber"}]}, {"count": 1, "predicate": "concept_concept", "arguments": [{"type": "concept", "value": "eat"}, {"type": "concept", "value": "swallow"}]}, {"count": 1, "predicate": "concept_concept", "arguments": [{"type": "concept", "value": "eat"}, {"type": "concept", "value": "get food"}]}, {"count": 1, "predicate": "concept_concept", "arguments": [{"type": "concept", "value": "eat"}, {"type": "concept", "value": "app store"}]}, {"count": 1, "predicate": "concept_concept", "arguments": [{"type": "concept", "value": "eat"}, {"type": "concept", "value": "devour"}]}, {"count": 1, "predicate": "concept_concept", "arguments": [{"type": "concept", "value": "eat"}, {"type": "concept", "value": "consume"}]}, {"count": 1, "predicate": "concept_concept", "arguments": [{"type": "concept", "value": "eat"}, {"type": "concept", "value": "dinner"}]}, {"count": 1, "predicate": "concept_concept", "arguments": [{"type": "concept", "value": "eat"}, {"type": "concept", "value": "grab a bite"}]}, {"count": 1, "predicate": "concept_concept", "arguments": [{"type": "concept", "value": "eat"}, {"type": "concept", "value": "bite"}]}, {"count": 1, "predicate": "concept_concept", "arguments": [{"type": "concept", "value": "eat"}, {"type": "concept", "value": "snake"}]}, {"count": 1, "predicate": "concept_concept", "arguments": [{"type": "concept", "value": "dvd"}, {"type": "concept", "value": "movie disc"}]}, {"count": 1, "predicate": "concept_concept", "arguments": [{"type": "concept", "value": "dvd"}, {"type": "concept", "value": "high definition cd"}]}, {"count": 1, "predicate": "concept_concept", "arguments": [{"type": "concept", "value": "dvd"}, {"type": "concept", "value": "digital versatile disc"}]}, {"count": 1, "predicate": "concept_concept", "arguments": [{"type": "concept", "value": "dvd"}, {"type": "concept", "value": "movie disk"}]}, {"count": 1, "predicate": "concept_concept", "arguments": [{"type": "concept", "value": "dvd"}, {"type": "concept", "value": "movie"}]}, {"count": 1, "predicate": "concept_concept", "arguments": [{"type": "concept", "value": "dvd"}, {"type": "concept", "value": "disk"}]}, {"count": 1, "predicate": "concept_concept", "arguments": [{"type": "concept", "value": "dvd"}, {"type": "concept", "value": "digital versatile disk"}]}, {"count": 1, "predicate": "device", "arguments": [{"type": "device", "value": "set top box"}]}, {"count": 1, "predicate": "device", "arguments": [{"type": "device", "value": "set-top-box"}]}, {"count": 1, "predicate": "device", "arguments": [{"type": "device", "value": "nes"}]}, {"count": 1, "predicate": "device", "arguments": [{"type": "device", "value": "a dvd"}]}, {"count": 1, "predicate": "device", "arguments": [{"type": "device", "value": "tuner"}]}, {"count": 1, "predicate": "device", "arguments": [{"type": "device", "value": "pvr"}]}, {"count": 1, "predicate": "device", "arguments": [{"type": "device", "value": "tuner"}]}, {"count": 1, "predicate": "device", "arguments": [{"type": "device", "value": "pvr"}]}, {"count": 1, "predicate": "device", "arguments": [{"type": "device", "value": "set top box"}]}, {"count": 1, "predicate": "device", "arguments": [{"type": "device", "value": "set-top-box"}]}, {"count": 1, "predicate": "device", "arguments": [{"type": "device", "value": "a dvd"}]}, {"count": 1, "predicate": "device_action", "arguments": [{"type": "device", "value": "ps3"}, {"type": "action", "value": "see photos"}]}, {"count": 1, "predicate": "device_action", "arguments": [{"type": "device", "value": "vcr"}, {"type": "action", "value": "rewind fast forward"}]}, {"count": 1, "predicate": "device_action", "arguments": [{"type": "device", "value": "vcr"}, {"type": "action", "value": "replay"}]}, {"count": 1, "predicate": "device_action", "arguments": [{"type": "device", "value": "vcr"}, {"type": "action", "value": "eject"}]}, {"count": 1, "predicate": "device_action", "arguments": [{"type": "device", "value": "vcr"}, {"type": "action", "value": "play it"}]}, {"count": 1, "predicate": "device_action", "arguments": [{"type": "device", "value": "vcr"}, {"type": "action", "value": "fast forward"}]}, {"count": 1, "predicate": "device_action", "arguments": [{"type": "device", "value": "vcr"}, {"type": "action", "value": "play it"}]}, {"count": 1, "predicate": "device_action", "arguments": [{"type": "device", "value": "vcr"}, {"type": "action", "value": "fast forward"}]}, {"count": 1, "predicate": "device_action", "arguments": [{"type": "device", "value": "vcr"}, {"type": "action", "value": "replay"}]}, {"count": 1, "predicate": "device_action", "arguments": [{"type": "device", "value": "vcr"}, {"type": "action", "value": "eject"}]}, {"count": 1, "predicate": "device_action", "arguments": [{"type": "device", "value": "vcr"}, {"type": "action", "value": "rewind fast forward"}]}, {"count": 1, "predicate": "device_action", "arguments": [{"type": "device", "value": "ps3"}, {"type": "action", "value": "netflix"}]}, {"count": 1, "predicate": "device_action", "arguments": [{"type": "device", "value": "ps3"}, {"type": "action", "value": "next to tv"}]}, {"count": 1, "predicate": "device_action", "arguments": [{"type": "device", "value": "ps3"}, {"type": "action", "value": "turn it on"}]}, {"count": 1, "predicate": "device_action", "arguments": [{"type": "device", "value": "ps3"}, {"type": "action", "value": "shoot people"}]}, {"count": 1, "predicate": "device_action", "arguments": [{"type": "device", "value": "ps3"}, {"type": "action", "value": "watch episode"}]}, {"count": 1, "predicate": "device_action", "arguments": [{"type": "device", "value": "ps3"}, {"type": "action", "value": "listen to music"}]}, {"count": 1, "predicate": "device_action", "arguments": [{"type": "device", "value": "ps3"}, {"type": "action", "value": "see pictures"}]}, {"count": 1, "predicate": "device_action", "arguments": [{"type": "device", "value": "tv"}, {"type": "action", "value": "watch tv"}]}, {"count": 1, "predicate": "device_action", "arguments": [{"type": "device", "value": "tv"}, {"type": "action", "value": "see a movie"}]}, {"count": 1, "predicate": "device_action", "arguments": [{"type": "device", "value": "tv"}, {"type": "action", "value": "watch news"}]}, {"count": 1, "predicate": "device_action", "arguments": [{"type": "device", "value": "tv"}, {"type": "action", "value": "watch it"}]}, {"count": 1, "predicate": "device_action", "arguments": [{"type": "device", "value": "tv"}, {"type": "action", "value": "power on"}]}, {"count": 1, "predicate": "device_action", "arguments": [{"type": "device", "value": "xbox"}, {"type": "action", "value": "load disc"}]}, {"count": 1, "predicate": "device_action", "arguments": [{"type": "device", "value": "xbox"}, {"type": "action", "value": "wave hand"}]}, {"count": 1, "predicate": "device_action", "arguments": [{"type": "device", "value": "ps3"}, {"type": "action", "value": "see photos"}]}, {"count": 1, "predicate": "device_action", "arguments": [{"type": "device", "value": "xbox"}, {"type": "action", "value": "load disc"}]}, {"count": 1, "predicate": "device_action", "arguments": [{"type": "device", "value": "xbox"}, {"type": "action", "value": "wave hand"}]}, {"count": 1, "predicate": "device_action", "arguments": [{"type": "device", "value": "tv"}, {"type": "action", "value": "see a movie"}]}, {"count": 1, "predicate": "device_action", "arguments": [{"type": "device", "value": "tv"}, {"type": "action", "value": "watch news"}]}, {"count": 1, "predicate": "device_action", "arguments": [{"type": "device", "value": "tv"}, {"type": "action", "value": "watch tv"}]}, {"count": 1, "predicate": "device_action", "arguments": [{"type": "device", "value": "tv"}, {"type": "action", "value": "power on"}]}, {"count": 1, "predicate": "device_action", "arguments": [{"type": "device", "value": "tv"}, {"type": "action", "value": "channel change"}]}, {"count": 1, "predicate": "device_action", "arguments": [{"type": "device", "value": "tv"}, {"type": "action", "value": "turn off"}]}, {"count": 1, "predicate": "device_action", "arguments": [{"type": "device", "value": "tv"}, {"type": "action", "value": "watch movies"}]}, {"count": 1, "predicate": "device_action", "arguments": [{"type": "device", "value": "tv"}, {"type": "action", "value": "watch it"}]}, {"count": 1, "predicate": "device_action", "arguments": [{"type": "device", "value": "ps3"}, {"type": "action", "value": "shoot people"}]}, {"count": 1, "predicate": "device_action", "arguments": [{"type": "device", "value": "ps3"}, {"type": "action", "value": "turn it on"}]}, {"count": 1, "predicate": "device_action", "arguments": [{"type": "device", "value": "ps3"}, {"type": "action", "value": "next to tv"}]}, {"count": 1, "predicate": "device_action", "arguments": [{"type": "device", "value": "ps3"}, {"type": "action", "value": "see pictures"}]}, {"count": 1, "predicate": "device_action", "arguments": [{"type": "device", "value": "ps3"}, {"type": "action", "value": "netflix"}]}, {"count": 1, "predicate": "device_action", "arguments": [{"type": "device", "value": "ps3"}, {"type": "action", "value": "listen to music"}]}, {"count": 1, "predicate": "device_action", "arguments": [{"type": "device", "value": "ps3"}, {"type": "action", "value": "watch episode"}]}, {"count": 1, "predicate": "device_location", "arguments": [{"type": "device", "value": "dvd"}, {"type": "location", "value": "in case"}]}, {"count": 1, "predicate": "device_location", "arguments": [{"type": "device", "value": "dvd"}, {"type": "location", "value": "tray"}]}, {"count": 1, "predicate": "device_location", "arguments": [{"type": "device", "value": "dvd"}, {"type": "location", "value": "dvd tray"}]}, {"count": 1, "predicate": "device_location", "arguments": [{"type": "device", "value": "dvd"}, {"type": "location", "value": "in the supermarker"}]}, {"count": 1, "predicate": "device_location", "arguments": [{"type": "device", "value": "dvd"}, {"type": "location", "value": "in dvd player"}]}, {"count": 1, "predicate": "device_location", "arguments": [{"type": "device", "value": "dvd"}, {"type": "location", "value": "netflix"}]}, {"count": 1, "predicate": "device_location", "arguments": [{"type": "device", "value": "dvd"}, {"type": "location", "value": "vcr"}]}, {"count": 1, "predicate": "device_location", "arguments": [{"type": "device", "value": "dvd"}, {"type": "location", "value": "redbox"}]}, {"count": 1, "predicate": "device_location", "arguments": [{"type": "device", "value": "dvd"}, {"type": "location", "value": "dvd player"}]}, {"count": 1, "predicate": "device_location", "arguments": [{"type": "device", "value": "tv"}, {"type": "location", "value": "home house"}]}, {"count": 1, "predicate": "device_location", "arguments": [{"type": "device", "value": "tv"}, {"type": "location", "value": "in from of the sofa"}]}, {"count": 1, "predicate": "device_location", "arguments": [{"type": "device", "value": "tv"}, {"type": "location", "value": "work"}]}, {"count": 1, "predicate": "device_location", "arguments": [{"type": "device", "value": "tv"}, {"type": "location", "value": "bathroom"}]}, {"count": 1, "predicate": "device_location", "arguments": [{"type": "device", "value": "tv"}, {"type": "location", "value": "on the wall"}]}, {"count": 1, "predicate": "device_location", "arguments": [{"type": "device", "value": "tv"}, {"type": "location", "value": "lab"}]}, {"count": 1, "predicate": "device_location", "arguments": [{"type": "device", "value": "dvr"}, {"type": "location", "value": "in a tv"}]}, {"count": 1, "predicate": "device_location", "arguments": [{"type": "device", "value": "xbox"}, {"type": "location", "value": "amazon"}]}, {"count": 1, "predicate": "device_location", "arguments": [{"type": "device", "value": "xbox"}, {"type": "location", "value": "no time"}]}, {"count": 1, "predicate": "device_location", "arguments": [{"type": "device", "value": "xbox"}, {"type": "location", "value": "microsoft store"}]}, {"count": 1, "predicate": "device_location", "arguments": [{"type": "device", "value": "xbox"}, {"type": "location", "value": "amazon"}]}, {"count": 1, "predicate": "device_location", "arguments": [{"type": "device", "value": "xbox"}, {"type": "location", "value": "no time"}]}, {"count": 1, "predicate": "device_location", "arguments": [{"type": "device", "value": "tv"}, {"type": "location", "value": "livingroom"}]}, {"count": 1, "predicate": "device_location", "arguments": [{"type": "device", "value": "dvd"}, {"type": "location", "value": "store"}]}, {"count": 1, "predicate": "device_location", "arguments": [{"type": "device", "value": "dvd"}, {"type": "location", "value": "vcr"}]}, {"count": 1, "predicate": "device_location", "arguments": [{"type": "device", "value": "dvd"}, {"type": "location", "value": "in dvd player"}]}, {"count": 1, "predicate": "device_location", "arguments": [{"type": "device", "value": "dvd"}, {"type": "location", "value": "tray"}]}, {"count": 1, "predicate": "device_location", "arguments": [{"type": "device", "value": "dvd"}, {"type": "location", "value": "in the supermarker"}]}, {"count": 1, "predicate": "device_location", "arguments": [{"type": "device", "value": "dvd"}, {"type": "location", "value": "dvd player"}]}, {"count": 1, "predicate": "device_location", "arguments": [{"type": "device", "value": "dvd"}, {"type": "location", "value": "redbox"}]}, {"count": 1, "predicate": "device_location", "arguments": [{"type": "device", "value": "dvd"}, {"type": "location", "value": "in case"}]}, {"count": 1, "predicate": "device_location", "arguments": [{"type": "device", "value": "dvd"}, {"type": "location", "value": "netflix"}]}, {"count": 1, "predicate": "device_location", "arguments": [{"type": "device", "value": "dvd"}, {"type": "location", "value": "dvd tray"}]}, {"count": 1, "predicate": "device_location", "arguments": [{"type": "device", "value": "tv"}, {"type": "location", "value": "home house"}]}, {"count": 1, "predicate": "device_location", "arguments": [{"type": "device", "value": "tv"}, {"type": "location", "value": "livingroom"}]}, {"count": 1, "predicate": "device_location", "arguments": [{"type": "device", "value": "tv"}, {"type": "location", "value": "bathroom"}]}, {"count": 1, "predicate": "device_location", "arguments": [{"type": "device", "value": "tv"}, {"type": "location", "value": "house"}]}, {"count": 1, "predicate": "device_location", "arguments": [{"type": "device", "value": "tv"}, {"type": "location", "value": "room"}]}, {"count": 1, "predicate": "device_location", "arguments": [{"type": "device", "value": "ps3"}, {"type": "location", "value": "below tv"}]}, {"count": 1, "predicate": "device_location", "arguments": [{"type": "device", "value": "ps3"}, {"type": "location", "value": "office"}]}, {"count": 1, "predicate": "device_location", "arguments": [{"type": "device", "value": "ps3"}, {"type": "location", "value": "under a television"}]}, {"count": 1, "predicate": "device_location", "arguments": [{"type": "device", "value": "tv"}, {"type": "location", "value": "home"}]}, {"count": 1, "predicate": "device_location", "arguments": [{"type": "device", "value": "tv"}, {"type": "location", "value": "on the wall"}]}, {"count": 1, "predicate": "device_location", "arguments": [{"type": "device", "value": "tv"}, {"type": "location", "value": "living room"}]}, {"count": 1, "predicate": "device_location", "arguments": [{"type": "device", "value": "tv"}, {"type": "location", "value": "lab"}]}, {"count": 1, "predicate": "device_location", "arguments": [{"type": "device", "value": "tv"}, {"type": "location", "value": "in from of the sofa"}]}, {"count": 1, "predicate": "device_location", "arguments": [{"type": "device", "value": "tv"}, {"type": "location", "value": "bed room"}]}, {"count": 1, "predicate": "device_location", "arguments": [{"type": "device", "value": "tv"}, {"type": "location", "value": "work"}]}, {"count": 1, "predicate": "device_location", "arguments": [{"type": "device", "value": "ps3"}, {"type": "location", "value": "dorm"}]}, {"count": 1, "predicate": "device_location", "arguments": [{"type": "device", "value": "ps3"}, {"type": "location", "value": "office"}]}, {"count": 1, "predicate": "device_location", "arguments": [{"type": "device", "value": "ps3"}, {"type": "location", "value": "below tv"}]}, {"count": 1, "predicate": "device_location", "arguments": [{"type": "device", "value": "ps3"}, {"type": "location", "value": "under tv"}]}, {"count": 1, "predicate": "device_location", "arguments": [{"type": "device", "value": "ps3"}, {"type": "location", "value": "under a television"}]}, {"count": 1, "predicate": "device_location", "arguments": [{"type": "device", "value": "ps3"}, {"type": "location", "value": "game room"}]}, {"count": 1, "predicate": "device_location", "arguments": [{"type": "device", "value": "dvr"}, {"type": "location", "value": "in a tv"}]}, {"count": 1, "predicate": "duration_of_action", "arguments": [{"type": "action", "value": "chat"}, {"type": "duration", "value": "an hour"}]}, {"count": 1, "predicate": "duration_of_action", "arguments": [{"type": "action", "value": "chat"}, {"type": "duration", "value": "5-10 minutes"}]}, {"count": 1, "predicate": "duration_of_action", "arguments": [{"type": "action", "value": "chat"}, {"type": "duration", "value": "five minutes"}]}, {"count": 1, "predicate": "duration_of_action", "arguments": [{"type": "action", "value": "chat"}, {"type": "duration", "value": "twenty minutes"}]}, {"count": 1, "predicate": "duration_of_action", "arguments": [{"type": "action", "value": "chat"}, {"type": "duration", "value": "ten minutes"}]}, {"count": 1, "predicate": "duration_of_action", "arguments": [{"type": "action", "value": "chat"}, {"type": "duration", "value": "depends with who"}]}, {"count": 1, "predicate": "duration_of_action", "arguments": [{"type": "action", "value": "chat"}, {"type": "duration", "value": "3 seconds"}]}, {"count": 1, "predicate": "duration_of_action", "arguments": [{"type": "action", "value": "talk"}, {"type": "duration", "value": "5 mins"}]}, {"count": 1, "predicate": "duration_of_action", "arguments": [{"type": "action", "value": "talk"}, {"type": "duration", "value": "2 mins"}]}, {"count": 1, "predicate": "duration_of_action", "arguments": [{"type": "action", "value": "talk"}, {"type": "duration", "value": "very long"}]}, {"count": 1, "predicate": "duration_of_action", "arguments": [{"type": "action", "value": "talk"}, {"type": "duration", "value": "depends"}]}, {"count": 1, "predicate": "duration_of_action", "arguments": [{"type": "action", "value": "talk"}, {"type": "duration", "value": "7 min"}]}, {"count": 1, "predicate": "duration_of_action", "arguments": [{"type": "action", "value": "talk"}, {"type": "duration", "value": "8 min"}]}, {"count": 1, "predicate": "duration_of_action", "arguments": [{"type": "action", "value": "talk"}, {"type": "duration", "value": "one minute"}]}, {"count": 1, "predicate": "duration_of_action", "arguments": [{"type": "action", "value": "talk"}, {"type": "duration", "value": "10 mins"}]}, {"count": 1, "predicate": "duration_of_action", "arguments": [{"type": "action", "value": "talk"}, {"type": "duration", "value": "4 mins"}]}, {"count": 1, "predicate": "duration_of_action", "arguments": [{"type": "action", "value": "talk"}, {"type": "duration", "value": "ten seconds"}]}, {"count": 1, "predicate": "duration_of_action", "arguments": [{"type": "action", "value": "talk"}, {"type": "duration", "value": "4 mins"}]}, {"count": 1, "predicate": "duration_of_action", "arguments": [{"type": "action", "value": "talk"}, {"type": "duration", "value": "very long"}]}, {"count": 1, "predicate": "duration_of_action", "arguments": [{"type": "action", "value": "talk"}, {"type": "duration", "value": "7 min"}]}, {"count": 1, "predicate": "duration_of_action", "arguments": [{"type": "action", "value": "talk"}, {"type": "duration", "value": "6 min"}]}, {"count": 1, "predicate": "duration_of_action", "arguments": [{"type": "action", "value": "talk"}, {"type": "duration", "value": "one second"}]}, {"count": 1, "predicate": "duration_of_action", "arguments": [{"type": "action", "value": "talk"}, {"type": "duration", "value": "2 mins"}]}, {"count": 1, "predicate": "duration_of_action", "arguments": [{"type": "action", "value": "talk"}, {"type": "duration", "value": "8 min"}]}, {"count": 1, "predicate": "duration_of_action", "arguments": [{"type": "action", "value": "talk"}, {"type": "duration", "value": "one minute"}]}, {"count": 1, "predicate": "duration_of_action", "arguments": [{"type": "action", "value": "talk"}, {"type": "duration", "value": "3 mins"}]}, {"count": 1, "predicate": "duration_of_action", "arguments": [{"type": "action", "value": "talk"}, {"type": "duration", "value": "5 mins"}]}, {"count": 1, "predicate": "duration_of_action", "arguments": [{"type": "action", "value": "talk"}, {"type": "duration", "value": "3 mins"}]}, {"count": 1, "predicate": "duration_of_action", "arguments": [{"type": "action", "value": "talk"}, {"type": "duration", "value": "one second"}]}, {"count": 1, "predicate": "duration_of_action", "arguments": [{"type": "action", "value": "talk"}, {"type": "duration", "value": "6 min"}]}, {"count": 1, "predicate": "duration_of_action", "arguments": [{"type": "action", "value": "talk"}, {"type": "duration", "value": "10 mins"}]}, {"count": 1, "predicate": "duration_of_action", "arguments": [{"type": "action", "value": "talk"}, {"type": "duration", "value": "ten seconds"}]}, {"count": 1, "predicate": "duration_of_action", "arguments": [{"type": "action", "value": "talk"}, {"type": "duration", "value": "depends"}]}, {"count": 1, "predicate": "duration_of_action", "arguments": [{"type": "action", "value": "chat"}, {"type": "duration", "value": "ten minutes"}]}, {"count": 1, "predicate": "duration_of_action", "arguments": [{"type": "action", "value": "chat"}, {"type": "duration", "value": "five minutes"}]}, {"count": 1, "predicate": "duration_of_action", "arguments": [{"type": "action", "value": "chat"}, {"type": "duration", "value": "5-10 minutes"}]}, {"count": 1, "predicate": "duration_of_action", "arguments": [{"type": "action", "value": "chat"}, {"type": "duration", "value": "a few minutes"}]}, {"count": 1, "predicate": "duration_of_action", "arguments": [{"type": "action", "value": "chat"}, {"type": "duration", "value": "depends with who"}]}, {"count": 1, "predicate": "duration_of_action", "arguments": [{"type": "action", "value": "chat"}, {"type": "duration", "value": "twenty minutes"}]}, {"count": 1, "predicate": "duration_of_action", "arguments": [{"type": "action", "value": "chat"}, {"type": "duration", "value": "an hour"}]}, {"count": 1, "predicate": "location_action", "arguments": [{"type": "location", "value": "best buy"}, {"type": "action", "value": "buy a tv"}]}, {"count": 1, "predicate": "location_action", "arguments": [{"type": "location", "value": "best buy"}, {"type": "action", "value": "sell tv"}]}, {"count": 1, "predicate": "location_action", "arguments": [{"type": "location", "value": "best buy"}, {"type": "action", "value": "buy laptop"}]}, {"count": 1, "predicate": "location_action", "arguments": [{"type": "location", "value": "best buy"}, {"type": "action", "value": "buy dvd"}]}, {"count": 1, "predicate": "location_action", "arguments": [{"type": "location", "value": "best buy"}, {"type": "action", "value": "surf the web"}]}, {"count": 1, "predicate": "location_action", "arguments": [{"type": "location", "value": "best buy"}, {"type": "action", "value": "buy a blueray"}]}, {"count": 1, "predicate": "location_action", "arguments": [{"type": "location", "value": "best buy"}, {"type": "action", "value": "service electronics"}]}, {"count": 1, "predicate": "location_action", "arguments": [{"type": "location", "value": "best buy"}, {"type": "action", "value": "ask for help"}]}, {"count": 1, "predicate": "location_action", "arguments": [{"type": "location", "value": "game room"}, {"type": "action", "value": "fight"}]}, {"count": 1, "predicate": "location_action", "arguments": [{"type": "location", "value": "game room"}, {"type": "action", "value": "play"}]}, {"count": 1, "predicate": "location_action", "arguments": [{"type": "location", "value": "game room"}, {"type": "action", "value": "pay for games"}]}, {"count": 1, "predicate": "location_action", "arguments": [{"type": "location", "value": "game room"}, {"type": "action", "value": "watch other people play games"}]}, {"count": 1, "predicate": "location_action", "arguments": [{"type": "location", "value": "game room"}, {"type": "action", "value": "play video gamesz"}]}, {"count": 1, "predicate": "location_action", "arguments": [{"type": "location", "value": "game room"}, {"type": "action", "value": "play game"}]}, {"count": 1, "predicate": "location_action", "arguments": [{"type": "location", "value": "house"}, {"type": "action", "value": "couch"}]}, {"count": 1, "predicate": "location_action", "arguments": [{"type": "location", "value": "house"}, {"type": "action", "value": "coock"}]}, {"count": 1, "predicate": "location_action", "arguments": [{"type": "location", "value": "house"}, {"type": "action", "value": "tv"}]}, {"count": 1, "predicate": "location_action", "arguments": [{"type": "location", "value": "best buy"}, {"type": "action", "value": "ask for help"}]}, {"count": 1, "predicate": "location_action", "arguments": [{"type": "location", "value": "best buy"}, {"type": "action", "value": "buy electronics"}]}, {"count": 1, "predicate": "location_action", "arguments": [{"type": "location", "value": "best buy"}, {"type": "action", "value": "buy a tv"}]}, {"count": 1, "predicate": "location_action", "arguments": [{"type": "location", "value": "kitchen"}, {"type": "action", "value": "drink"}]}, {"count": 1, "predicate": "location_action", "arguments": [{"type": "location", "value": "kitchen"}, {"type": "action", "value": "cook food"}]}, {"count": 1, "predicate": "location_action", "arguments": [{"type": "location", "value": "kitchen"}, {"type": "action", "value": "store food"}]}, {"count": 1, "predicate": "location_action", "arguments": [{"type": "location", "value": "kitchen"}, {"type": "action", "value": "pour drinks"}]}, {"count": 1, "predicate": "location_action", "arguments": [{"type": "location", "value": "kitchen"}, {"type": "action", "value": "prepare food"}]}, {"count": 1, "predicate": "location_action", "arguments": [{"type": "location", "value": "kitchen"}, {"type": "action", "value": "cook food"}]}, {"count": 1, "predicate": "location_action", "arguments": [{"type": "location", "value": "kitchen"}, {"type": "action", "value": "wash hands"}]}, {"count": 1, "predicate": "location_action", "arguments": [{"type": "location", "value": "kitchen"}, {"type": "action", "value": "cooking"}]}, {"count": 1, "predicate": "location_action", "arguments": [{"type": "location", "value": "best buy"}, {"type": "action", "value": "buy a blueray"}]}, {"count": 1, "predicate": "location_action", "arguments": [{"type": "location", "value": "best buy"}, {"type": "action", "value": "watch mechandise"}]}, {"count": 1, "predicate": "location_action", "arguments": [{"type": "location", "value": "best buy"}, {"type": "action", "value": "service electronics"}]}, {"count": 1, "predicate": "location_action", "arguments": [{"type": "location", "value": "best buy"}, {"type": "action", "value": "sell tv"}]}, {"count": 1, "predicate": "location_action", "arguments": [{"type": "location", "value": "best buy"}, {"type": "action", "value": "demo tv"}]}, {"count": 1, "predicate": "location_action", "arguments": [{"type": "location", "value": "best buy"}, {"type": "action", "value": "surf the web"}]}, {"count": 1, "predicate": "location_action", "arguments": [{"type": "location", "value": "best buy"}, {"type": "action", "value": "buy dvd"}]}, {"count": 1, "predicate": "location_action", "arguments": [{"type": "location", "value": "best buy"}, {"type": "action", "value": "watch mechandise"}]}, {"count": 1, "predicate": "location_action", "arguments": [{"type": "location", "value": "bedroom"}, {"type": "action", "value": "study"}]}, {"count": 1, "predicate": "location_action", "arguments": [{"type": "location", "value": "bedroom"}, {"type": "action", "value": "change clothes"}]}, {"count": 1, "predicate": "location_action", "arguments": [{"type": "location", "value": "bedroom"}, {"type": "action", "value": "watch sports"}]}, {"count": 1, "predicate": "location_action", "arguments": [{"type": "location", "value": "bedroom"}, {"type": "action", "value": "15 minutes"}]}, {"count": 1, "predicate": "location_action", "arguments": [{"type": "location", "value": "bedroom"}, {"type": "action", "value": "read a book"}]}, {"count": 1, "predicate": "location_action", "arguments": [{"type": "location", "value": "bedroom"}, {"type": "action", "value": "sex"}]}, {"count": 1, "predicate": "location_action", "arguments": [{"type": "location", "value": "kitchen"}, {"type": "action", "value": "pour drinks"}]}, {"count": 1, "predicate": "location_action", "arguments": [{"type": "location", "value": "kitchen"}, {"type": "action", "value": "store food"}]}, {"count": 1, "predicate": "location_action", "arguments": [{"type": "location", "value": "kitchen"}, {"type": "action", "value": "read"}]}, {"count": 1, "predicate": "location_action", "arguments": [{"type": "location", "value": "kitchen"}, {"type": "action", "value": "cooking"}]}, {"count": 1, "predicate": "location_action", "arguments": [{"type": "location", "value": "kitchen"}, {"type": "action", "value": "play games"}]}, {"count": 1, "predicate": "location_action", "arguments": [{"type": "location", "value": "kitchen"}, {"type": "action", "value": "prepare food"}]}, {"count": 1, "predicate": "location_action", "arguments": [{"type": "location", "value": "kitchen"}, {"type": "action", "value": "drink"}]}, {"count": 1, "predicate": "location_action", "arguments": [{"type": "location", "value": "kitchen"}, {"type": "action", "value": "wash hands"}]}, {"count": 1, "predicate": "location_action", "arguments": [{"type": "location", "value": "bedroom"}, {"type": "action", "value": "change clothes"}]}, {"count": 1, "predicate": "location_action", "arguments": [{"type": "location", "value": "bedroom"}, {"type": "action", "value": "read a book"}]}, {"count": 1, "predicate": "location_action", "arguments": [{"type": "location", "value": "bedroom"}, {"type": "action", "value": "study"}]}, {"count": 1, "predicate": "location_action", "arguments": [{"type": "location", "value": "bedroom"}, {"type": "action", "value": "15 minutes"}]}, {"count": 1, "predicate": "location_action", "arguments": [{"type": "location", "value": "bedroom"}, {"type": "action", "value": "watch sports"}]}, {"count": 1, "predicate": "location_action", "arguments": [{"type": "location", "value": "bedroom"}, {"type": "action", "value": "sex"}]}, {"count": 1, "predicate": "location_action", "arguments": [{"type": "location", "value": "bedroom"}, {"type": "action", "value": "watch news"}]}, {"count": 1, "predicate": "location_action", "arguments": [{"type": "location", "value": "bedroom"}, {"type": "action", "value": "watch movie"}]}, {"count": 1, "predicate": "location_action", "arguments": [{"type": "location", "value": "house"}, {"type": "action", "value": "couch"}]}, {"count": 1, "predicate": "location_action", "arguments": [{"type": "location", "value": "house"}, {"type": "action", "value": "coock"}]}, {"count": 1, "predicate": "location_action", "arguments": [{"type": "location", "value": "house"}, {"type": "action", "value": "tv"}]}, {"count": 1, "predicate": "location_action", "arguments": [{"type": "location", "value": "house"}, {"type": "action", "value": "cook"}]}, {"count": 1, "predicate": "location_action", "arguments": [{"type": "location", "value": "game room"}, {"type": "action", "value": "watch other people play games"}]}, {"count": 1, "predicate": "location_action", "arguments": [{"type": "location", "value": "game room"}, {"type": "action", "value": "fight"}]}, {"count": 1, "predicate": "location_action", "arguments": [{"type": "location", "value": "game room"}, {"type": "action", "value": "play game"}]}, {"count": 1, "predicate": "location_action", "arguments": [{"type": "location", "value": "game room"}, {"type": "action", "value": "pay for games"}]}, {"count": 1, "predicate": "location_action", "arguments": [{"type": "location", "value": "game room"}, {"type": "action", "value": "play video gamesz"}]}, {"count": 1, "predicate": "location_action", "arguments": [{"type": "location", "value": "game room"}, {"type": "action", "value": "play"}]}, {"count": 1, "predicate": "motivation_of", "arguments": [{"type": "action", "value": "turn down the volume"}, {"type": "action", "value": "baby sleeping"}]}, {"count": 1, "predicate": "motivation_of", "arguments": [{"type": "action", "value": "turn down the volume"}, {"type": "action", "value": "to make it quiter"}]}, {"count": 1, "predicate": "motivation_of", "arguments": [{"type": "action", "value": "turn down the volume"}, {"type": "action", "value": "scary"}]}, {"count": 1, "predicate": "motivation_of", "arguments": [{"type": "action", "value": "turn down the volume"}, {"type": "action", "value": "you're too old"}]}, {"count": 1, "predicate": "motivation_of", "arguments": [{"type": "action", "value": "turn down the volume"}, {"type": "action", "value": "to lower the voice"}]}, {"count": 1, "predicate": "motivation_of", "arguments": [{"type": "action", "value": "turn down the volume"}, {"type": "action", "value": "quiet"}]}, {"count": 1, "predicate": "motivation_of", "arguments": [{"type": "action", "value": "turn down the volume"}, {"type": "action", "value": "horror"}]}, {"count": 1, "predicate": "motivation_of", "arguments": [{"type": "action", "value": "turn down the volume"}, {"type": "action", "value": "it's too loud"}]}, {"count": 1, "predicate": "motivation_of", "arguments": [{"type": "action", "value": "record"}, {"type": "action", "value": "catch up on missed show"}]}, {"count": 1, "predicate": "motivation_of", "arguments": [{"type": "action", "value": "record"}, {"type": "action", "value": "watch"}]}, {"count": 1, "predicate": "motivation_of", "arguments": [{"type": "action", "value": "record"}, {"type": "action", "value": "watch it later"}]}, {"count": 1, "predicate": "motivation_of", "arguments": [{"type": "action", "value": "record"}, {"type": "action", "value": "busy"}]}, {"count": 1, "predicate": "motivation_of", "arguments": [{"type": "action", "value": "record"}, {"type": "action", "value": "work"}]}, {"count": 1, "predicate": "motivation_of", "arguments": [{"type": "action", "value": "record"}, {"type": "action", "value": "trip"}]}, {"count": 1, "predicate": "motivation_of", "arguments": [{"type": "action", "value": "record"}, {"type": "action", "value": "i was on tv"}]}, {"count": 1, "predicate": "motivation_of", "arguments": [{"type": "action", "value": "record"}, {"type": "action", "value": "watch it again"}]}, {"count": 1, "predicate": "motivation_of", "arguments": [{"type": "action", "value": "record"}, {"type": "action", "value": "watch multiple times"}]}, {"count": 1, "predicate": "motivation_of", "arguments": [{"type": "action", "value": "record"}, {"type": "action", "value": "for nostalgia"}]}, {"count": 1, "predicate": "motivation_of", "arguments": [{"type": "action", "value": "record"}, {"type": "action", "value": "to catch up"}]}, {"count": 1, "predicate": "motivation_of", "arguments": [{"type": "action", "value": "record"}, {"type": "action", "value": "watch it"}]}, {"count": 1, "predicate": "motivation_of", "arguments": [{"type": "action", "value": "record"}, {"type": "action", "value": "to watch later"}]}, {"count": 1, "predicate": "motivation_of", "arguments": [{"type": "action", "value": "record"}, {"type": "action", "value": "watch it"}]}, {"count": 1, "predicate": "motivation_of", "arguments": [{"type": "action", "value": "record"}, {"type": "action", "value": "watch"}]}, {"count": 1, "predicate": "motivation_of", "arguments": [{"type": "action", "value": "record"}, {"type": "action", "value": "work"}]}, {"count": 1, "predicate": "motivation_of", "arguments": [{"type": "action", "value": "record"}, {"type": "action", "value": "catch up on missed show"}]}, {"count": 1, "predicate": "motivation_of", "arguments": [{"type": "action", "value": "record"}, {"type": "action", "value": "watch it again"}]}, {"count": 1, "predicate": "motivation_of", "arguments": [{"type": "action", "value": "record"}, {"type": "action", "value": "for nostalgia"}]}, {"count": 1, "predicate": "motivation_of", "arguments": [{"type": "action", "value": "record"}, {"type": "action", "value": "trip"}]}, {"count": 1, "predicate": "motivation_of", "arguments": [{"type": "action", "value": "record"}, {"type": "action", "value": "busy"}]}, {"count": 1, "predicate": "motivation_of", "arguments": [{"type": "action", "value": "record"}, {"type": "action", "value": "i was on tv"}]}, {"count": 1, "predicate": "motivation_of", "arguments": [{"type": "action", "value": "record"}, {"type": "action", "value": "to watch later"}]}, {"count": 1, "predicate": "motivation_of", "arguments": [{"type": "action", "value": "record"}, {"type": "action", "value": "catch up on missed show"}]}, {"count": 1, "predicate": "motivation_of", "arguments": [{"type": "action", "value": "record"}, {"type": "action", "value": "watch it later"}]}, {"count": 1, "predicate": "motivation_of", "arguments": [{"type": "action", "value": "record"}, {"type": "action", "value": "busy"}]}, {"count": 1, "predicate": "motivation_of", "arguments": [{"type": "action", "value": "turn down the volume"}, {"type": "action", "value": "you're too old"}]}, {"count": 1, "predicate": "motivation_of", "arguments": [{"type": "action", "value": "turn down the volume"}, {"type": "action", "value": "quiet"}]}, {"count": 1, "predicate": "motivation_of", "arguments": [{"type": "action", "value": "turn down the volume"}, {"type": "action", "value": "to make it quiter"}]}, {"count": 1, "predicate": "motivation_of", "arguments": [{"type": "action", "value": "turn down the volume"}, {"type": "action", "value": "to lower the voice"}]}, {"count": 1, "predicate": "motivation_of", "arguments": [{"type": "action", "value": "turn down the volume"}, {"type": "action", "value": "it's too loud"}]}, {"count": 1, "predicate": "motivation_of", "arguments": [{"type": "action", "value": "turn down the volume"}, {"type": "action", "value": "scary"}]}, {"count": 1, "predicate": "motivation_of", "arguments": [{"type": "action", "value": "turn down the volume"}, {"type": "action", "value": "horror"}]}, {"count": 1, "predicate": "motivation_of", "arguments": [{"type": "action", "value": "turn down the volume"}, {"type": "action", "value": "baby sleeping"}]}, {"count": 1, "predicate": "motivation_of", "arguments": [{"type": "action", "value": "record"}, {"type": "action", "value": "to catch up"}]}, {"count": 1, "predicate": "motivation_of", "arguments": [{"type": "action", "value": "record"}, {"type": "action", "value": "watch multiple times"}]}, {"count": 1, "predicate": "motivation_of", "arguments": [{"type": "action", "value": "record"}, {"type": "action", "value": "to watch later"}]}, {"count": 1, "predicate": "motivation_of", "arguments": [{"type": "action", "value": "record"}, {"type": "action", "value": "watch it later"}]}, {"count": 1, "predicate": "motivation_of", "arguments": [{"type": "action", "value": "record"}, {"type": "action", "value": "watch it again"}]}, {"count": 1, "predicate": "motivation_of", "arguments": [{"type": "action", "value": "record"}, {"type": "action", "value": "trip"}]}, {"count": 1, "predicate": "motivation_of", "arguments": [{"type": "action", "value": "record"}, {"type": "action", "value": "to catch up"}]}, {"count": 1, "predicate": "motivation_of", "arguments": [{"type": "action", "value": "record"}, {"type": "action", "value": "work"}]}, {"count": 1, "predicate": "motivation_of", "arguments": [{"type": "action", "value": "record"}, {"type": "action", "value": "watch"}]}, {"count": 1, "predicate": "motivation_of", "arguments": [{"type": "action", "value": "record"}, {"type": "action", "value": "i was on tv"}]}, {"count": 1, "predicate": "motivation_of", "arguments": [{"type": "action", "value": "record"}, {"type": "action", "value": "for nostalgia"}]}, {"count": 1, "predicate": "motivation_of", "arguments": [{"type": "action", "value": "record"}, {"type": "action", "value": "watch multiple times"}]}, {"count": 1, "predicate": "motivation_of", "arguments": [{"type": "action", "value": "record"}, {"type": "action", "value": "watch it"}]}, {"count": 1, "predicate": "part_of", "arguments": [{"type": "concept", "value": "wash dishes"}, {"type": "concept", "value": "wash plate"}]}, {"count": 1, "predicate": "part_of", "arguments": [{"type": "concept", "value": "wash dishes"}, {"type": "concept", "value": "place dish"}]}, {"count": 1, "predicate": "part_of", "arguments": [{"type": "concept", "value": "wash dishes"}, {"type": "concept", "value": "dirty dishes"}]}, {"count": 1, "predicate": "part_of", "arguments": [{"type": "concept", "value": "wash dishes"}, {"type": "concept", "value": "water"}]}, {"count": 1, "predicate": "part_of", "arguments": [{"type": "concept", "value": "wash dishes"}, {"type": "concept", "value": "place dish"}]}, {"count": 1, "predicate": "part_of", "arguments": [{"type": "concept", "value": "wash dishes"}, {"type": "concept", "value": "wash plate"}]}, {"count": 1, "predicate": "part_of", "arguments": [{"type": "concept", "value": "wash dishes"}, {"type": "concept", "value": "dirty dishes"}]}, {"count": 1, "predicate": "part_of", "arguments": [{"type": "concept", "value": "wash dishes"}, {"type": "concept", "value": "water"}]}, {"count": 1, "predicate": "type_of", "arguments": [{"type": "concept", "value": "house"}, {"type": "concept", "value": "home"}]}, {"count": 1, "predicate": "type_of", "arguments": [{"type": "concept", "value": "house"}, {"type": "concept", "value": "tudor"}]}, {"count": 1, "predicate": "type_of", "arguments": [{"type": "concept", "value": "house"}, {"type": "concept", "value": "car"}]}, {"count": 1, "predicate": "type_of", "arguments": [{"type": "concept", "value": "house"}, {"type": "concept", "value": "hut"}]}, {"count": 1, "predicate": "type_of", "arguments": [{"type": "concept", "value": "house"}, {"type": "concept", "value": "residence"}]}, {"count": 1, "predicate": "type_of", "arguments": [{"type": "concept", "value": "house"}, {"type": "concept", "value": "small house"}]}, {"count": 1, "predicate": "type_of", "arguments": [{"type": "concept", "value": "house"}, {"type": "concept", "value": "home"}]}, {"count": 1, "predicate": "type_of", "arguments": [{"type": "concept", "value": "house"}, {"type": "concept", "value": "big house"}]}, {"count": 1, "predicate": "type_of", "arguments": [{"type": "concept", "value": "house"}, {"type": "concept", "value": "shack"}]}, {"count": 1, "predicate": "type_of", "arguments": [{"type": "concept", "value": "house"}, {"type": "concept", "value": "tudor"}]}, {"count": 1, "predicate": "type_of", "arguments": [{"type": "concept", "value": "house"}, {"type": "concept", "value": "single family"}]}, {"count": 1, "predicate": "type_of", "arguments": [{"type": "concept", "value": "house"}, {"type": "concept", "value": "big house"}]}, {"count": 1, "predicate": "type_of", "arguments": [{"type": "concept", "value": "house"}, {"type": "concept", "value": "shack"}]}, {"count": 1, "predicate": "type_of", "arguments": [{"type": "concept", "value": "house"}, {"type": "concept", "value": "townhouse"}]}, {"count": 1, "predicate": "type_of", "arguments": [{"type": "concept", "value": "house"}, {"type": "concept", "value": "single family"}]}, {"count": 1, "predicate": "type_of", "arguments": [{"type": "concept", "value": "house"}, {"type": "concept", "value": "small house"}]}, {"count": 1, "predicate": "type_of", "arguments": [{"type": "concept", "value": "house"}, {"type": "concept", "value": "hut"}]}, {"count": 1, "predicate": "type_of", "arguments": [{"type": "concept", "value": "house"}, {"type": "concept", "value": "big house"}]}, {"count": 1, "predicate": "type_of", "arguments": [{"type": "concept", "value": "house"}, {"type": "concept", "value": "home"}]}, {"count": 1, "predicate": "type_of", "arguments": [{"type": "concept", "value": "house"}, {"type": "concept", "value": "single family"}]}, {"count": 1, "predicate": "type_of", "arguments": [{"type": "concept", "value": "house"}, {"type": "concept", "value": "hut"}]}, {"count": 1, "predicate": "type_of", "arguments": [{"type": "concept", "value": "house"}, {"type": "concept", "value": "shack"}]}, {"count": 1, "predicate": "type_of", "arguments": [{"type": "concept", "value": "house"}, {"type": "concept", "value": "small house"}]}, {"count": 1, "predicate": "type_of", "arguments": [{"type": "concept", "value": "house"}, {"type": "concept", "value": "townhouse"}]}, {"count": 1, "predicate": "type_of", "arguments": [{"type": "concept", "value": "house"}, {"type": "concept", "value": "tudor"}]}, {"count": 1, "predicate": "type_of", "arguments": [{"type": "concept", "value": "house"}, {"type": "concept", "value": "residence"}]}]