[{"count": 42, "predicate": "location_action", "arguments": [{"type": "location", "value": "house"}, {"type": "action", "value": "living room"}]}, {"count": 24, "predicate": "device", "arguments": [{"type": "device", "value": "xbox"}]}, {"count": 23, "predicate": "device", "arguments": [{"type": "device", "value": "dvd player"}]}, {"count": 19, "predicate": "device", "arguments": [{"type": "device", "value": "ps3"}]}, {"count": 19, "predicate": "device_action", "arguments": [{"type": "device", "value": "dvd"}, {"type": "action", "value": "concerts"}]}, {"count": 17, "predicate": "contenttype_device", "arguments": [{"type": "content type", "value": "movie"}, {"type": "device", "value": "bluray player"}]}, {"count": 16, "predicate": "device", "arguments": [{"type": "device", "value": "blu ray player"}]}, {"count": 15, "predicate": "device_location", "arguments": [{"type": "device", "value": "xbox"}, {"type": "location", "value": "kitchen"}]}, {"count": 14, "predicate": "contenttype_device", "arguments": [{"type": "content type", "value": "news"}, {"type": "device", "value": "computer"}]}, {"count": 14, "predicate": "device", "arguments": [{"type": "device", "value": "bluray player"}]}, {"count": 14, "predicate": "device_action", "arguments": [{"type": "device", "value": "tv"}, {"type": "action", "value": "watch moive"}]}, {"count": 9, "predicate": "device", "arguments": [{"type": "device", "value": "dvr"}]}, {"count": 8, "predicate": "action", "arguments": [{"type": "action", "value": "watch movies"}]}, {"count": 8, "predicate": "contenttype", "arguments": [{"type": "content type", "value": "movies"}]}, {"count": 8, "predicate": "device", "arguments": [{"type": "device", "value": "roku"}]}, {"count": 8, "predicate": "device", "arguments": [{"type": "device", "value": "stb"}]}, {"count": 7, "predicate": "device", "arguments": [{"type": "device", "value": "dvd"}]}, {"count": 6, "predicate": "action", "arguments": [{"type": "action", "value": "play games"}]}, {"count": 6, "predicate": "action", "arguments": [{"type": "action", "value": "watch news"}]}, {"count": 6, "predicate": "action", "arguments": [{"type": "action", "value": "call"}]}, {"count": 6, "predicate": "contenttype", "arguments": [{"type": "content type", "value": "news"}]}, {"count": 6, "predicate": "device", "arguments": [{"type": "device", "value": "playstation"}]}, {"count": 6, "predicate": "device", "arguments": [{"type": "device", "value": "phone"}]}, {"count": 6, "predicate": "device_location", "arguments": [{"type": "device", "value": "blu ray player"}, {"type": "location", "value": "next to tv"}]}, {"count": 5, "predicate": "action", "arguments": [{"type": "action", "value": "tweet"}]}, {"count": 5, "predicate": "action", "arguments": [{"type": "action", "value": "turn off"}]}, {"count": 5, "predicate": "action", "arguments": [{"type": "action", "value": "turn on"}]}, {"count": 5, "predicate": "concept_concept", "arguments": [{"type": "concept", "value": "power on"}, {"type": "concept", "value": "turn it on"}]}, {"count": 5, "predicate": "concept_concept", "arguments": [{"type": "concept", "value": "sports"}, {"type": "concept", "value": "game"}]}, {"count": 5, "predicate": "device", "arguments": [{"type": "device", "value": "tv"}]}, {"count": 5, "predicate": "device", "arguments": [{"type": "device", "value": "tivo"}]}, {"count": 5, "predicate": "device", "arguments": [{"type": "device", "value": "vcr"}]}, {"count": 5, "predicate": "device", "arguments": [{"type": "device", "value": "game console"}]}, {"count": 5, "predicate": "device_location", "arguments": [{"type": "device", "value": "blu ray player"}, {"type": "location", "value": "home"}]}, {"count": 4, "predicate": "action", "arguments": [{"type": "action", "value": "watch shows"}]}, {"count": 4, "predicate": "action_app", "arguments": [{"type": "action", "value": "record"}, {"type": "app", "value": "dvr"}]}, {"count": 4, "predicate": "concept_concept", "arguments": [{"type": "concept", "value": "power on"}, {"type": "concept", "value": "turn on"}]}, {"count": 4, "predicate": "concept_concept", "arguments": [{"type": "concept", "value": "power on"}, {"type": "concept", "value": "turn on"}]}, {"count": 4, "predicate": "concept_concept", "arguments": [{"type": "concept", "value": "power on"}, {"type": "concept", "value": "turn on"}]}, {"count": 4, "predicate": "concept_concept", "arguments": [{"type": "concept", "value": "power on"}, {"type": "concept", "value": "turn on"}]}, {"count": 4, "predicate": "contenttype", "arguments": [{"type": "content type", "value": "tv shows"}]}, {"count": 4, "predicate": "contenttype", "arguments": [{"type": "content type", "value": "sports"}]}, {"count": 4, "predicate": "device", "arguments": [{"type": "device", "value": "pvr"}]}, {"count": 4, "predicate": "device", "arguments": [{"type": "device", "value": "sound system"}]}, {"count": 4, "predicate": "device_action", "arguments": [{"type": "device", "value": "dvd player"}, {"type": "action", "value": "play"}]}, {"count": 4, "predicate": "device_location", "arguments": [{"type": "device", "value": "xbox"}, {"type": "location", "value": "living room"}]}, {"count": 4, "predicate": "device_location", "arguments": [{"type": "device", "value": "blu ray player"}, {"type": "location", "value": "outside"}]}, {"count": 3, "predicate": "action", "arguments": [{"type": "action", "value": "skype"}]}, {"count": 3, "predicate": "action", "arguments": [{"type": "action", "value": "watching news"}]}, {"count": 3, "predicate": "action", "arguments": [{"type": "action", "value": "video conference"}]}, {"count": 3, "predicate": "action_app", "arguments": [{"type": "action", "value": "turn on"}, {"type": "app", "value": "alarm"}]}, {"count": 3, "predicate": "concept_concept", "arguments": [{"type": "concept", "value": "power on"}, {"type": "concept", "value": "switch on"}]}, {"count": 3, "predicate": "concept_concept", "arguments": [{"type": "concept", "value": "power on"}, {"type": "concept", "value": "on"}]}, {"count": 3, "predicate": "concept_concept", "arguments": [{"type": "concept", "value": "power on"}, {"type": "concept", "value": "switch on"}]}, {"count": 3, "predicate": "concept_concept", "arguments": [{"type": "concept", "value": "power on"}, {"type": "concept", "value": "on"}]}, {"count": 3, "predicate": "concept_concept", "arguments": [{"type": "concept", "value": "sports"}, {"type": "concept", "value": "games"}]}, {"count": 3, "predicate": "concept_concept", "arguments": [{"type": "concept", "value": "sports"}, {"type": "concept", "value": "games"}]}, {"count": 3, "predicate": "concept_concept", "arguments": [{"type": "concept", "value": "power on"}, {"type": "concept", "value": "switch on"}]}, {"count": 3, "predicate": "concept_concept", "arguments": [{"type": "concept", "value": "power on"}, {"type": "concept", "value": "on"}]}, {"count": 3, "predicate": "concept_concept", "arguments": [{"type": "concept", "value": "power on"}, {"type": "concept", "value": "switch on"}]}, {"count": 3, "predicate": "concept_concept", "arguments": [{"type": "concept", "value": "power on"}, {"type": "concept", "value": "on"}]}, {"count": 3, "predicate": "concept_concept", "arguments": [{"type": "concept", "value": "power on"}, {"type": "concept", "value": "switch on"}]}, {"count": 3, "predicate": "concept_concept", "arguments": [{"type": "concept", "value": "power on"}, {"type": "concept", "value": "on"}]}, {"count": 3, "predicate": "contenttype", "arguments": [{"type": "content type", "value": "soap operas"}]}, {"count": 3, "predicate": "contenttype_device", "arguments": [{"type": "content type", "value": "news"}, {"type": "device", "value": "tv"}]}, {"count": 3, "predicate": "device", "arguments": [{"type": "device", "value": "button"}]}, {"count": 3, "predicate": "device", "arguments": [{"type": "device", "value": "screen"}]}, {"count": 3, "predicate": "device", "arguments": [{"type": "device", "value": "exit"}]}, {"count": 3, "predicate": "device_action", "arguments": [{"type": "device", "value": "dvd player"}, {"type": "action", "value": "play dvd"}]}, {"count": 3, "predicate": "device_action", "arguments": [{"type": "device", "value": "dvd"}, {"type": "action", "value": "throw"}]}, {"count": 3, "predicate": "device_location", "arguments": [{"type": "device", "value": "xbox"}, {"type": "location", "value": "bedroom"}]}, {"count": 3, "predicate": "device_location", "arguments": [{"type": "device", "value": "blu ray player"}, {"type": "location", "value": "home"}]}, {"count": 2, "predicate": "action", "arguments": [{"type": "action", "value": "watch it"}]}, {"count": 2, "predicate": "action", "arguments": [{"type": "action", "value": "watch"}]}, {"count": 2, "predicate": "action", "arguments": [{"type": "action", "value": "call someone"}]}, {"count": 2, "predicate": "action", "arguments": [{"type": "action", "value": "watching movie"}]}, {"count": 2, "predicate": "action", "arguments": [{"type": "action", "value": "watch shows"}]}, {"count": 2, "predicate": "action", "arguments": [{"type": "action", "value": "watch news"}]}, {"count": 2, "predicate": "action", "arguments": [{"type": "action", "value": "find out music"}]}, {"count": 2, "predicate": "action", "arguments": [{"type": "action", "value": "music"}]}, {"count": 2, "predicate": "action", "arguments": [{"type": "action", "value": "radio"}]}, {"count": 2, "predicate": "action", "arguments": [{"type": "action", "value": "watch shows"}]}, {"count": 2, "predicate": "action", "arguments": [{"type": "action", "value": "watch news"}]}, {"count": 2, "predicate": "action", "arguments": [{"type": "action", "value": "watch tv"}]}, {"count": 2, "predicate": "action", "arguments": [{"type": "action", "value": "netflix"}]}, {"count": 2, "predicate": "action", "arguments": [{"type": "action", "value": "everything"}]}, {"count": 2, "predicate": "action", "arguments": [{"type": "action", "value": "twitter"}]}, {"count": 2, "predicate": "action", "arguments": [{"type": "action", "value": "exit"}]}, {"count": 2, "predicate": "action", "arguments": [{"type": "action", "value": "launch"}]}, {"count": 2, "predicate": "action", "arguments": [{"type": "action", "value": "read book"}]}, {"count": 2, "predicate": "action", "arguments": [{"type": "action", "value": "read facebook"}]}, {"count": 2, "predicate": "action", "arguments": [{"type": "action", "value": "play"}]}, {"count": 2, "predicate": "action_app", "arguments": [{"type": "action", "value": "turn on"}, {"type": "app", "value": "creation"}]}, {"count": 2, "predicate": "concept_concept", "arguments": [{"type": "concept", "value": "power on"}, {"type": "concept", "value": "power up"}]}, {"count": 2, "predicate": "concept_concept", "arguments": [{"type": "concept", "value": "power on"}, {"type": "concept", "value": "power up"}]}, {"count": 2, "predicate": "concept_concept", "arguments": [{"type": "concept", "value": "sports"}, {"type": "concept", "value": "physical activities"}]}, {"count": 2, "predicate": "concept_concept", "arguments": [{"type": "concept", "value": "power on"}, {"type": "concept", "value": "start"}]}, {"count": 2, "predicate": "concept_concept", "arguments": [{"type": "concept", "value": "power on"}, {"type": "concept", "value": "power up"}]}, {"count": 2, "predicate": "concept_concept", "arguments": [{"type": "concept", "value": "dvd player"}, {"type": "concept", "value": "movie player"}]}, {"count": 2, "predicate": "concept_concept", "arguments": [{"type": "concept", "value": "dvd player"}, {"type": "concept", "value": "cd player"}]}, {"count": 2, "predicate": "concept_concept", "arguments": [{"type": "concept", "value": "power on"}, {"type": "concept", "value": "power up"}]}, {"count": 2, "predicate": "concept_concept", "arguments": [{"type": "concept", "value": "dvd player"}, {"type": "concept", "value": "cd player"}]}, {"count": 2, "predicate": "concept_concept", "arguments": [{"type": "concept", "value": "dvd player"}, {"type": "concept", "value": "movie player"}]}, {"count": 2, "predicate": "concept_concept", "arguments": [{"type": "concept", "value": "dvd player"}, {"type": "concept", "value": "movie player"}]}, {"count": 2, "predicate": "concept_concept", "arguments": [{"type": "concept", "value": "dvd player"}, {"type": "concept", "value": "cd player"}]}, {"count": 2, "predicate": "concept_concept", "arguments": [{"type": "concept", "value": "power on"}, {"type": "concept", "value": "power up"}]}, {"count": 2, "predicate": "concept_concept", "arguments": [{"type": "concept", "value": "press power button"}, {"type": "concept", "value": "push the button on"}]}, {"count": 2, "predicate": "contenttype_device", "arguments": [{"type": "content type", "value": "movie"}, {"type": "device", "value": "dvd player"}]}, {"count": 2, "predicate": "device", "arguments": [{"type": "device", "value": "television"}]}, {"count": 2, "predicate": "device", "arguments": [{"type": "device", "value": "remote"}]}, {"count": 2, "predicate": "device", "arguments": [{"type": "device", "value": "set"}]}, {"count": 2, "predicate": "device", "arguments": [{"type": "device", "value": "speakers"}]}, {"count": 2, "predicate": "device", "arguments": [{"type": "device", "value": "bluray"}]}, {"count": 2, "predicate": "device", "arguments": [{"type": "device", "value": "blu ray player"}]}, {"count": 2, "predicate": "device", "arguments": [{"type": "device", "value": "xbox"}]}, {"count": 2, "predicate": "device", "arguments": [{"type": "device", "value": "ps2"}]}, {"count": 2, "predicate": "device", "arguments": [{"type": "device", "value": "pc"}]}, {"count": 2, "predicate": "device", "arguments": [{"type": "device", "value": "dv"}]}, {"count": 2, "predicate": "device", "arguments": [{"type": "device", "value": "dvd player"}]}, {"count": 2, "predicate": "device", "arguments": [{"type": "device", "value": "blu ray player"}]}, {"count": 2, "predicate": "device", "arguments": [{"type": "device", "value": "wii"}]}, {"count": 2, "predicate": "device", "arguments": [{"type": "device", "value": "apple tv"}]}, {"count": 2, "predicate": "device", "arguments": [{"type": "device", "value": "wii"}]}, {"count": 2, "predicate": "device", "arguments": [{"type": "device", "value": "monitor"}]}, {"count": 2, "predicate": "device_action", "arguments": [{"type": "device", "value": "blu ray player"}, {"type": "action", "value": "play it"}]}, {"count": 2, "predicate": "device_action", "arguments": [{"type": "device", "value": "blu ray player"}, {"type": "action", "value": "watch movies"}]}, {"count": 2, "predicate": "device_action", "arguments": [{"type": "device", "value": "phone"}, {"type": "action", "value": "phone"}]}, {"count": 2, "predicate": "device_action", "arguments": [{"type": "device", "value": "dvd player"}, {"type": "action", "value": "play movie"}]}, {"count": 2, "predicate": "device_action", "arguments": [{"type": "device", "value": "dvd"}, {"type": "action", "value": "news"}]}, {"count": 2, "predicate": "device_action", "arguments": [{"type": "device", "value": "phone"}, {"type": "action", "value": "phone"}]}, {"count": 2, "predicate": "device_action", "arguments": [{"type": "device", "value": "dvd player"}, {"type": "action", "value": "play dvd"}]}, {"count": 2, "predicate": "device_action", "arguments": [{"type": "device", "value": "dvd player"}, {"type": "action", "value": "play movie"}]}, {"count": 2, "predicate": "device_action", "arguments": [{"type": "device", "value": "xbox"}, {"type": "action", "value": "play games"}]}, {"count": 2, "predicate": "device_location", "arguments": [{"type": "device", "value": "xbox"}, {"type": "location", "value": "best buy"}]}, {"count": 2, "predicate": "device_location", "arguments": [{"type": "device", "value": "blu ray player"}, {"type": "location", "value": "house"}]}, {"count": 2, "predicate": "device_location", "arguments": [{"type": "device", "value": "blu ray player"}, {"type": "location", "value": "outside"}]}, {"count": 2, "predicate": "device_location", "arguments": [{"type": "device", "value": "blu ray player"}, {"type": "location", "value": "house"}]}, {"count": 2, "predicate": "device_location", "arguments": [{"type": "device", "value": "blu ray player"}, {"type": "location", "value": "car"}]}, {"count": 2, "predicate": "device_location", "arguments": [{"type": "device", "value": "blu ray player"}, {"type": "location", "value": "next to tv"}]}, {"count": 2, "predicate": "device_location", "arguments": [{"type": "device", "value": "blu ray player"}, {"type": "location", "value": "house"}]}, {"count": 2, "predicate": "device_location", "arguments": [{"type": "device", "value": "blu ray player"}, {"type": "location", "value": "next to tv"}]}, {"count": 2, "predicate": "device_location", "arguments": [{"type": "device", "value": "blu ray player"}, {"type": "location", "value": "next to tv"}]}, {"count": 2, "predicate": "device_location", "arguments": [{"type": "device", "value": "blu ray player"}, {"type": "location", "value": "next to tv"}]}, {"count": 1, "predicate": "action", "arguments": [{"type": "action", "value": "watch movie"}]}, {"count": 1, "predicate": "action", "arguments": [{"type": "action", "value": "play movies"}]}, {"count": 1, "predicate": "action", "arguments": [{"type": "action", "value": "play music"}]}, {"count": 1, "predicate": "action", "arguments": [{"type": "action", "value": "sat hi tv"}]}, {"count": 1, "predicate": "action", "arguments": [{"type": "action", "value": "play radio"}]}, {"count": 1, "predicate": "action", "arguments": [{"type": "action", "value": "social media"}]}, {"count": 1, "predicate": "action", "arguments": [{"type": "action", "value": "listen to music"}]}, {"count": 1, "predicate": "action", "arguments": [{"type": "action", "value": "sat hi tv"}]}, {"count": 1, "predicate": "action", "arguments": [{"type": "action", "value": "skype"}]}, {"count": 1, "predicate": "action", "arguments": [{"type": "action", "value": "watch it"}]}, {"count": 1, "predicate": "action", "arguments": [{"type": "action", "value": "watch movies"}]}, {"count": 1, "predicate": "action", "arguments": [{"type": "action", "value": "see a movie"}]}, {"count": 1, "predicate": "action", "arguments": [{"type": "action", "value": "play with them"}]}, {"count": 1, "predicate": "action", "arguments": [{"type": "action", "value": "skype"}]}, {"count": 1, "predicate": "action", "arguments": [{"type": "action", "value": "watch it"}]}, {"count": 1, "predicate": "action", "arguments": [{"type": "action", "value": "sat hi tv"}]}, {"count": 1, "predicate": "action", "arguments": [{"type": "action", "value": "watch movies"}]}, {"count": 1, "predicate": "action", "arguments": [{"type": "action", "value": "play games"}]}, {"count": 1, "predicate": "action", "arguments": [{"type": "action", "value": "watching movie"}]}, {"count": 1, "predicate": "action", "arguments": [{"type": "action", "value": "call someone"}]}, {"count": 1, "predicate": "action", "arguments": [{"type": "action", "value": "watching news"}]}, {"count": 1, "predicate": "action", "arguments": [{"type": "action", "value": "watch tv shows"}]}, {"count": 1, "predicate": "action", "arguments": [{"type": "action", "value": "movies"}]}, {"count": 1, "predicate": "action", "arguments": [{"type": "action", "value": "play"}]}, {"count": 1, "predicate": "action", "arguments": [{"type": "action", "value": "read facebook"}]}, {"count": 1, "predicate": "action", "arguments": [{"type": "action", "value": "launch"}]}, {"count": 1, "predicate": "action", "arguments": [{"type": "action", "value": "exit"}]}, {"count": 1, "predicate": "action", "arguments": [{"type": "action", "value": "read book"}]}, {"count": 1, "predicate": "action", "arguments": [{"type": "action", "value": "change channel"}]}, {"count": 1, "predicate": "action", "arguments": [{"type": "action", "value": "watch sports"}]}, {"count": 1, "predicate": "action", "arguments": [{"type": "action", "value": "change channel"}]}, {"count": 1, "predicate": "action", "arguments": [{"type": "action", "value": "watching movie"}]}, {"count": 1, "predicate": "action", "arguments": [{"type": "action", "value": "call someone"}]}, {"count": 1, "predicate": "action", "arguments": [{"type": "action", "value": "watching news"}]}, {"count": 1, "predicate": "action", "arguments": [{"type": "action", "value": "play games"}]}, {"count": 1, "predicate": "action", "arguments": [{"type": "action", "value": "music"}]}, {"count": 1, "predicate": "action", "arguments": [{"type": "action", "value": "tweet"}]}, {"count": 1, "predicate": "action", "arguments": [{"type": "action", "value": "radio"}]}, {"count": 1, "predicate": "action", "arguments": [{"type": "action", "value": "access facebook"}]}, {"count": 1, "predicate": "action", "arguments": [{"type": "action", "value": "webcam"}]}, {"count": 1, "predicate": "action", "arguments": [{"type": "action", "value": "access facebook"}]}, {"count": 1, "predicate": "action", "arguments": [{"type": "action", "value": "webcam"}]}, {"count": 1, "predicate": "action_app", "arguments": [{"type": "action", "value": "record"}, {"type": "app", "value": "pvr"}]}, {"count": 1, "predicate": "action_app", "arguments": [{"type": "action", "value": "record"}, {"type": "app", "value": "record"}]}, {"count": 1, "predicate": "action_app", "arguments": [{"type": "action", "value": "turn off"}, {"type": "app", "value": "sigkill"}]}, {"count": 1, "predicate": "action_app", "arguments": [{"type": "action", "value": "turn off"}, {"type": "app", "value": "off app"}]}, {"count": 1, "predicate": "action_app", "arguments": [{"type": "action", "value": "turn on"}, {"type": "app", "value": "alarm"}]}, {"count": 1, "predicate": "action_app", "arguments": [{"type": "action", "value": "turn on"}, {"type": "app", "value": "bios"}]}, {"count": 1, "predicate": "action_app", "arguments": [{"type": "action", "value": "record"}, {"type": "app", "value": "pvr"}]}, {"count": 1, "predicate": "action_app", "arguments": [{"type": "action", "value": "record"}, {"type": "app", "value": "record"}]}, {"count": 1, "predicate": "action_app", "arguments": [{"type": "action", "value": "turn on"}, {"type": "app", "value": "creation"}]}, {"count": 1, "predicate": "action_app", "arguments": [{"type": "action", "value": "turn on"}, {"type": "app", "value": "recorder"}]}, {"count": 1, "predicate": "action_app", "arguments": [{"type": "action", "value": "turn on"}, {"type": "app", "value": "alarm"}]}, {"count": 1, "predicate": "action_app", "arguments": [{"type": "action", "value": "turn on"}, {"type": "app", "value": "bootstrap"}]}, {"count": 1, "predicate": "action_app", "arguments": [{"type": "action", "value": "turn on"}, {"type": "app", "value": "bios"}]}, {"count": 1, "predicate": "action_app", "arguments": [{"type": "action", "value": "turn on"}, {"type": "app", "value": "creation"}]}, {"count": 1, "predicate": "action_app", "arguments": [{"type": "action", "value": "turn on"}, {"type": "app", "value": "bootstrap"}]}, {"count": 1, "predicate": "action_app", "arguments": [{"type": "action", "value": "turn on"}, {"type": "app", "value": "recorder"}]}, {"count": 1, "predicate": "action_app", "arguments": [{"type": "action", "value": "turn on"}, {"type": "app", "value": "bios"}]}, {"count": 1, "predicate": "action_app", "arguments": [{"type": "action", "value": "turn on"}, {"type": "app", "value": "recorder"}]}, {"count": 1, "predicate": "action_app", "arguments": [{"type": "action", "value": "turn on"}, {"type": "app", "value": "bootstrap"}]}, {"count": 1, "predicate": "action_app", "arguments": [{"type": "action", "value": "turn on"}, {"type": "app", "value": "alarm"}]}, {"count": 1, "predicate": "action_app", "arguments": [{"type": "action", "value": "turn on"}, {"type": "app", "value": "bios"}]}, {"count": 1, "predicate": "action_app", "arguments": [{"type": "action", "value": "cook"}, {"type": "app", "value": "find recipies"}]}, {"count": 1, "predicate": "concept_concept", "arguments": [{"type": "concept", "value": "cook"}, {"type": "concept", "value": "make food"}]}, {"count": 1, "predicate": "concept_concept", "arguments": [{"type": "concept", "value": "power on"}, {"type": "concept", "value": "start"}]}, {"count": 1, "predicate": "concept_concept", "arguments": [{"type": "concept", "value": "power on"}, {"type": "concept", "value": "boot up"}]}, {"count": 1, "predicate": "concept_concept", "arguments": [{"type": "concept", "value": "power on"}, {"type": "concept", "value": "initiate"}]}, {"count": 1, "predicate": "concept_concept", "arguments": [{"type": "concept", "value": "power on"}, {"type": "concept", "value": "turn it on"}]}, {"count": 1, "predicate": "concept_concept", "arguments": [{"type": "concept", "value": "power on"}, {"type": "concept", "value": "initiate"}]}, {"count": 1, "predicate": "concept_concept", "arguments": [{"type": "concept", "value": "power on"}, {"type": "concept", "value": "tv on"}]}, {"count": 1, "predicate": "concept_concept", "arguments": [{"type": "concept", "value": "power on"}, {"type": "concept", "value": "start"}]}, {"count": 1, "predicate": "concept_concept", "arguments": [{"type": "concept", "value": "sports"}, {"type": "concept", "value": "activities"}]}, {"count": 1, "predicate": "concept_concept", "arguments": [{"type": "concept", "value": "sports"}, {"type": "concept", "value": "outdoor"}]}, {"count": 1, "predicate": "concept_concept", "arguments": [{"type": "concept", "value": "sports"}, {"type": "concept", "value": "sports"}]}, {"count": 1, "predicate": "concept_concept", "arguments": [{"type": "concept", "value": "sports"}, {"type": "concept", "value": "game"}]}, {"count": 1, "predicate": "concept_concept", "arguments": [{"type": "concept", "value": "sports"}, {"type": "concept", "value": "activities"}]}, {"count": 1, "predicate": "concept_concept", "arguments": [{"type": "concept", "value": "sports"}, {"type": "concept", "value": "outdoor"}]}, {"count": 1, "predicate": "concept_concept", "arguments": [{"type": "concept", "value": "sports"}, {"type": "concept", "value": "sports"}]}, {"count": 1, "predicate": "concept_concept", "arguments": [{"type": "concept", "value": "sports"}, {"type": "concept", "value": "physical activities"}]}, {"count": 1, "predicate": "concept_concept", "arguments": [{"type": "concept", "value": "power on"}, {"type": "concept", "value": "tv on"}]}, {"count": 1, "predicate": "concept_concept", "arguments": [{"type": "concept", "value": "power on"}, {"type": "concept", "value": "tv on"}]}, {"count": 1, "predicate": "concept_concept", "arguments": [{"type": "concept", "value": "power on"}, {"type": "concept", "value": "initiate"}]}, {"count": 1, "predicate": "concept_concept", "arguments": [{"type": "concept", "value": "power on"}, {"type": "concept", "value": "start"}]}, {"count": 1, "predicate": "concept_concept", "arguments": [{"type": "concept", "value": "power on"}, {"type": "concept", "value": "boot up"}]}, {"count": 1, "predicate": "concept_concept", "arguments": [{"type": "concept", "value": "power on"}, {"type": "concept", "value": "turn it on"}]}, {"count": 1, "predicate": "concept_concept", "arguments": [{"type": "concept", "value": "sports"}, {"type": "concept", "value": "game"}]}, {"count": 1, "predicate": "concept_concept", "arguments": [{"type": "concept", "value": "sports"}, {"type": "concept", "value": "activities"}]}, {"count": 1, "predicate": "concept_concept", "arguments": [{"type": "concept", "value": "sports"}, {"type": "concept", "value": "sports"}]}, {"count": 1, "predicate": "concept_concept", "arguments": [{"type": "concept", "value": "sports"}, {"type": "concept", "value": "outdoor"}]}, {"count": 1, "predicate": "concept_concept", "arguments": [{"type": "concept", "value": "sports"}, {"type": "concept", "value": "physical activities"}]}, {"count": 1, "predicate": "concept_concept", "arguments": [{"type": "concept", "value": "power on"}, {"type": "concept", "value": "boot up"}]}, {"count": 1, "predicate": "concept_concept", "arguments": [{"type": "concept", "value": "dvd player"}, {"type": "concept", "value": "disc player"}]}, {"count": 1, "predicate": "concept_concept", "arguments": [{"type": "concept", "value": "dvd player"}, {"type": "concept", "value": "player"}]}, {"count": 1, "predicate": "concept_concept", "arguments": [{"type": "concept", "value": "power on"}, {"type": "concept", "value": "turn it on"}]}, {"count": 1, "predicate": "concept_concept", "arguments": [{"type": "concept", "value": "power on"}, {"type": "concept", "value": "tv on"}]}, {"count": 1, "predicate": "concept_concept", "arguments": [{"type": "concept", "value": "power on"}, {"type": "concept", "value": "boot up"}]}, {"count": 1, "predicate": "concept_concept", "arguments": [{"type": "concept", "value": "power on"}, {"type": "concept", "value": "initiate"}]}, {"count": 1, "predicate": "concept_concept", "arguments": [{"type": "concept", "value": "cook"}, {"type": "concept", "value": "make food"}]}, {"count": 1, "predicate": "concept_concept", "arguments": [{"type": "concept", "value": "sports"}, {"type": "concept", "value": "outdoor"}]}, {"count": 1, "predicate": "concept_concept", "arguments": [{"type": "concept", "value": "sports"}, {"type": "concept", "value": "sports"}]}, {"count": 1, "predicate": "concept_concept", "arguments": [{"type": "concept", "value": "sports"}, {"type": "concept", "value": "activities"}]}, {"count": 1, "predicate": "concept_concept", "arguments": [{"type": "concept", "value": "dvd player"}, {"type": "concept", "value": "player"}]}, {"count": 1, "predicate": "concept_concept", "arguments": [{"type": "concept", "value": "dvd player"}, {"type": "concept", "value": "disc player"}]}, {"count": 1, "predicate": "concept_concept", "arguments": [{"type": "concept", "value": "dvd player"}, {"type": "concept", "value": "player"}]}, {"count": 1, "predicate": "concept_concept", "arguments": [{"type": "concept", "value": "dvd player"}, {"type": "concept", "value": "disc player"}]}, {"count": 1, "predicate": "concept_concept", "arguments": [{"type": "concept", "value": "power on"}, {"type": "concept", "value": "turn it on"}]}, {"count": 1, "predicate": "concept_concept", "arguments": [{"type": "concept", "value": "power on"}, {"type": "concept", "value": "tv on"}]}, {"count": 1, "predicate": "concept_concept", "arguments": [{"type": "concept", "value": "power on"}, {"type": "concept", "value": "start"}]}, {"count": 1, "predicate": "concept_concept", "arguments": [{"type": "concept", "value": "power on"}, {"type": "concept", "value": "boot up"}]}, {"count": 1, "predicate": "concept_concept", "arguments": [{"type": "concept", "value": "sports"}, {"type": "concept", "value": "sports"}]}, {"count": 1, "predicate": "concept_concept", "arguments": [{"type": "concept", "value": "sports"}, {"type": "concept", "value": "outdoor"}]}, {"count": 1, "predicate": "concept_concept", "arguments": [{"type": "concept", "value": "sports"}, {"type": "concept", "value": "activities"}]}, {"count": 1, "predicate": "contenttype", "arguments": [{"type": "content type", "value": "political debates"}]}, {"count": 1, "predicate": "contenttype", "arguments": [{"type": "content type", "value": "cartoons"}]}, {"count": 1, "predicate": "contenttype", "arguments": [{"type": "content type", "value": "action films"}]}, {"count": 1, "predicate": "contenttype", "arguments": [{"type": "content type", "value": "scince"}]}, {"count": 1, "predicate": "contenttype", "arguments": [{"type": "content type", "value": "games"}]}, {"count": 1, "predicate": "contenttype", "arguments": [{"type": "content type", "value": "movie"}]}, {"count": 1, "predicate": "contenttype", "arguments": [{"type": "content type", "value": "rock"}]}, {"count": 1, "predicate": "contenttype", "arguments": [{"type": "content type", "value": "serials"}]}, {"count": 1, "predicate": "contenttype", "arguments": [{"type": "content type", "value": "tv episodes"}]}, {"count": 1, "predicate": "contenttype", "arguments": [{"type": "content type", "value": "tv series"}]}, {"count": 1, "predicate": "contenttype", "arguments": [{"type": "content type", "value": "sitcoms"}]}, {"count": 1, "predicate": "contenttype", "arguments": [{"type": "content type", "value": "romance"}]}, {"count": 1, "predicate": "contenttype", "arguments": [{"type": "content type", "value": "adventure"}]}, {"count": 1, "predicate": "contenttype", "arguments": [{"type": "content type", "value": "drama"}]}, {"count": 1, "predicate": "contenttype", "arguments": [{"type": "content type", "value": "action"}]}, {"count": 1, "predicate": "contenttype", "arguments": [{"type": "content type", "value": "game"}]}, {"count": 1, "predicate": "contenttype", "arguments": [{"type": "content type", "value": "pop"}]}, {"count": 1, "predicate": "contenttype", "arguments": [{"type": "content type", "value": "shows"}]}, {"count": 1, "predicate": "contenttype_device", "arguments": [{"type": "content type", "value": "news"}, {"type": "device", "value": "smart phone"}]}, {"count": 1, "predicate": "contenttype_device", "arguments": [{"type": "content type", "value": "news"}, {"type": "device", "value": "ipad"}]}, {"count": 1, "predicate": "contenttype_device", "arguments": [{"type": "content type", "value": "movie"}, {"type": "device", "value": "television"}]}, {"count": 1, "predicate": "contenttype_device", "arguments": [{"type": "content type", "value": "movie"}, {"type": "device", "value": "dvd"}]}, {"count": 1, "predicate": "device", "arguments": [{"type": "device", "value": "open application"}]}, {"count": 1, "predicate": "device", "arguments": [{"type": "device", "value": "application"}]}, {"count": 1, "predicate": "device", "arguments": [{"type": "device", "value": "watch content"}]}, {"count": 1, "predicate": "device", "arguments": [{"type": "device", "value": "ps3"}]}, {"count": 1, "predicate": "device", "arguments": [{"type": "device", "value": "open app"}]}, {"count": 1, "predicate": "device", "arguments": [{"type": "device", "value": "watch"}]}, {"count": 1, "predicate": "device", "arguments": [{"type": "device", "value": "search search content"}]}, {"count": 1, "predicate": "device", "arguments": [{"type": "device", "value": "app"}]}, {"count": 1, "predicate": "device", "arguments": [{"type": "device", "value": "news"}]}, {"count": 1, "predicate": "device", "arguments": [{"type": "device", "value": "open application"}]}, {"count": 1, "predicate": "device", "arguments": [{"type": "device", "value": "open app"}]}, {"count": 1, "predicate": "device", "arguments": [{"type": "device", "value": "watch"}]}, {"count": 1, "predicate": "device", "arguments": [{"type": "device", "value": "search search content"}]}, {"count": 1, "predicate": "device", "arguments": [{"type": "device", "value": "ps3"}]}, {"count": 1, "predicate": "device", "arguments": [{"type": "device", "value": "application"}]}, {"count": 1, "predicate": "device", "arguments": [{"type": "device", "value": "news"}]}, {"count": 1, "predicate": "device", "arguments": [{"type": "device", "value": "app"}]}, {"count": 1, "predicate": "device", "arguments": [{"type": "device", "value": "watch content"}]}, {"count": 1, "predicate": "device", "arguments": [{"type": "device", "value": "vcr"}]}, {"count": 1, "predicate": "device", "arguments": [{"type": "device", "value": "pad"}]}, {"count": 1, "predicate": "device", "arguments": [{"type": "device", "value": "video game console"}]}, {"count": 1, "predicate": "device", "arguments": [{"type": "device", "value": "set"}]}, {"count": 1, "predicate": "device", "arguments": [{"type": "device", "value": "remote"}]}, {"count": 1, "predicate": "device", "arguments": [{"type": "device", "value": "television"}]}, {"count": 1, "predicate": "device", "arguments": [{"type": "device", "value": "app"}]}, {"count": 1, "predicate": "device", "arguments": [{"type": "device", "value": "application"}]}, {"count": 1, "predicate": "device", "arguments": [{"type": "device", "value": "ps3"}]}, {"count": 1, "predicate": "device", "arguments": [{"type": "device", "value": "app"}]}, {"count": 1, "predicate": "device", "arguments": [{"type": "device", "value": "watch content"}]}, {"count": 1, "predicate": "device", "arguments": [{"type": "device", "value": "dvr"}]}, {"count": 1, "predicate": "device", "arguments": [{"type": "device", "value": "search search content"}]}, {"count": 1, "predicate": "device", "arguments": [{"type": "device", "value": "watch"}]}, {"count": 1, "predicate": "device", "arguments": [{"type": "device", "value": "vcr"}]}, {"count": 1, "predicate": "device", "arguments": [{"type": "device", "value": "news"}]}, {"count": 1, "predicate": "device", "arguments": [{"type": "device", "value": "open application"}]}, {"count": 1, "predicate": "device", "arguments": [{"type": "device", "value": "set top box"}]}, {"count": 1, "predicate": "device", "arguments": [{"type": "device", "value": "bluray bluray player"}]}, {"count": 1, "predicate": "device", "arguments": [{"type": "device", "value": "home theater"}]}, {"count": 1, "predicate": "device", "arguments": [{"type": "device", "value": "xobx"}]}, {"count": 1, "predicate": "device", "arguments": [{"type": "device", "value": "cable box"}]}, {"count": 1, "predicate": "device", "arguments": [{"type": "device", "value": "stereo"}]}, {"count": 1, "predicate": "device", "arguments": [{"type": "device", "value": "app"}]}, {"count": 1, "predicate": "device", "arguments": [{"type": "device", "value": "watch content"}]}, {"count": 1, "predicate": "device", "arguments": [{"type": "device", "value": "open app"}]}, {"count": 1, "predicate": "device", "arguments": [{"type": "device", "value": "watch"}]}, {"count": 1, "predicate": "device", "arguments": [{"type": "device", "value": "open application"}]}, {"count": 1, "predicate": "device", "arguments": [{"type": "device", "value": "vcr"}]}, {"count": 1, "predicate": "device", "arguments": [{"type": "device", "value": "dvr"}]}, {"count": 1, "predicate": "device", "arguments": [{"type": "device", "value": "application"}]}, {"count": 1, "predicate": "device", "arguments": [{"type": "device", "value": "search search content"}]}, {"count": 1, "predicate": "device", "arguments": [{"type": "device", "value": "news"}]}, {"count": 1, "predicate": "device", "arguments": [{"type": "device", "value": "game console"}]}, {"count": 1, "predicate": "device", "arguments": [{"type": "device", "value": "pvr"}]}, {"count": 1, "predicate": "device", "arguments": [{"type": "device", "value": "cable box"}]}, {"count": 1, "predicate": "device", "arguments": [{"type": "device", "value": "set top box"}]}, {"count": 1, "predicate": "device", "arguments": [{"type": "device", "value": "stereo"}]}, {"count": 1, "predicate": "device", "arguments": [{"type": "device", "value": "xobx"}]}, {"count": 1, "predicate": "device", "arguments": [{"type": "device", "value": "bluray bluray player"}]}, {"count": 1, "predicate": "device", "arguments": [{"type": "device", "value": "home theater"}]}, {"count": 1, "predicate": "device", "arguments": [{"type": "device", "value": "open application"}]}, {"count": 1, "predicate": "device", "arguments": [{"type": "device", "value": "open app"}]}, {"count": 1, "predicate": "device", "arguments": [{"type": "device", "value": "watch"}]}, {"count": 1, "predicate": "device", "arguments": [{"type": "device", "value": "vcr"}]}, {"count": 1, "predicate": "device", "arguments": [{"type": "device", "value": "dvr"}]}, {"count": 1, "predicate": "device", "arguments": [{"type": "device", "value": "news"}]}, {"count": 1, "predicate": "device", "arguments": [{"type": "device", "value": "application"}]}, {"count": 1, "predicate": "device", "arguments": [{"type": "device", "value": "ps3"}]}, {"count": 1, "predicate": "device", "arguments": [{"type": "device", "value": "search search content"}]}, {"count": 1, "predicate": "device", "arguments": [{"type": "device", "value": "watch content"}]}, {"count": 1, "predicate": "device", "arguments": [{"type": "device", "value": "screen"}]}, {"count": 1, "predicate": "device", "arguments": [{"type": "device", "value": "tivo"}]}, {"count": 1, "predicate": "device", "arguments": [{"type": "device", "value": "exit"}]}, {"count": 1, "predicate": "device", "arguments": [{"type": "device", "value": "tv"}]}, {"count": 1, "predicate": "device", "arguments": [{"type": "device", "value": "remote"}]}, {"count": 1, "predicate": "device", "arguments": [{"type": "device", "value": "television"}]}, {"count": 1, "predicate": "device", "arguments": [{"type": "device", "value": "set"}]}, {"count": 1, "predicate": "device", "arguments": [{"type": "device", "value": "button"}]}, {"count": 1, "predicate": "device", "arguments": [{"type": "device", "value": "bluray"}]}, {"count": 1, "predicate": "device", "arguments": [{"type": "device", "value": "bluray player"}]}, {"count": 1, "predicate": "device", "arguments": [{"type": "device", "value": "playstation"}]}, {"count": 1, "predicate": "device", "arguments": [{"type": "device", "value": "roku"}]}, {"count": 1, "predicate": "device", "arguments": [{"type": "device", "value": "dvd"}]}, {"count": 1, "predicate": "device", "arguments": [{"type": "device", "value": "speakers"}]}, {"count": 1, "predicate": "device", "arguments": [{"type": "device", "value": "phone"}]}, {"count": 1, "predicate": "device", "arguments": [{"type": "device", "value": "xbox 360"}]}, {"count": 1, "predicate": "device", "arguments": [{"type": "device", "value": "stb"}]}, {"count": 1, "predicate": "device", "arguments": [{"type": "device", "value": "pad"}]}, {"count": 1, "predicate": "device", "arguments": [{"type": "device", "value": "video game console"}]}, {"count": 1, "predicate": "device", "arguments": [{"type": "device", "value": "stereo"}]}, {"count": 1, "predicate": "device", "arguments": [{"type": "device", "value": "home theater"}]}, {"count": 1, "predicate": "device", "arguments": [{"type": "device", "value": "bluray bluray player"}]}, {"count": 1, "predicate": "device", "arguments": [{"type": "device", "value": "pvr"}]}, {"count": 1, "predicate": "device", "arguments": [{"type": "device", "value": "cable box"}]}, {"count": 1, "predicate": "device", "arguments": [{"type": "device", "value": "xobx"}]}, {"count": 1, "predicate": "device", "arguments": [{"type": "device", "value": "game console"}]}, {"count": 1, "predicate": "device", "arguments": [{"type": "device", "value": "set top box"}]}, {"count": 1, "predicate": "device", "arguments": [{"type": "device", "value": "open app"}]}, {"count": 1, "predicate": "device", "arguments": [{"type": "device", "value": "monitor"}]}, {"count": 1, "predicate": "device", "arguments": [{"type": "device", "value": "ps2"}]}, {"count": 1, "predicate": "device", "arguments": [{"type": "device", "value": "pc"}]}, {"count": 1, "predicate": "device", "arguments": [{"type": "device", "value": "ps2"}]}, {"count": 1, "predicate": "device", "arguments": [{"type": "device", "value": "pc"}]}, {"count": 1, "predicate": "device", "arguments": [{"type": "device", "value": "apple tv"}]}, {"count": 1, "predicate": "device", "arguments": [{"type": "device", "value": "ps2"}]}, {"count": 1, "predicate": "device", "arguments": [{"type": "device", "value": "pc"}]}, {"count": 1, "predicate": "device", "arguments": [{"type": "device", "value": "apple tv"}]}, {"count": 1, "predicate": "device", "arguments": [{"type": "device", "value": "gamecube"}]}, {"count": 1, "predicate": "device_action", "arguments": [{"type": "device", "value": "blu ray player"}, {"type": "action", "value": "rip"}]}, {"count": 1, "predicate": "device_action", "arguments": [{"type": "device", "value": "blu ray player"}, {"type": "action", "value": "burn"}]}, {"count": 1, "predicate": "device_action", "arguments": [{"type": "device", "value": "dvd player"}, {"type": "action", "value": "play a dvd"}]}, {"count": 1, "predicate": "device_action", "arguments": [{"type": "device", "value": "dvd player"}, {"type": "action", "value": "eject disk"}]}, {"count": 1, "predicate": "device_action", "arguments": [{"type": "device", "value": "dvd player"}, {"type": "action", "value": "turn on"}]}, {"count": 1, "predicate": "device_action", "arguments": [{"type": "device", "value": "dvd player"}, {"type": "action", "value": "play a cd"}]}, {"count": 1, "predicate": "device_action", "arguments": [{"type": "device", "value": "dvd player"}, {"type": "action", "value": "pause a movie"}]}, {"count": 1, "predicate": "device_action", "arguments": [{"type": "device", "value": "dvd"}, {"type": "action", "value": "talk shows"}]}, {"count": 1, "predicate": "device_action", "arguments": [{"type": "device", "value": "dvd"}, {"type": "action", "value": "drama"}]}, {"count": 1, "predicate": "device_action", "arguments": [{"type": "device", "value": "dvd"}, {"type": "action", "value": "sports"}]}, {"count": 1, "predicate": "device_action", "arguments": [{"type": "device", "value": "dvd"}, {"type": "action", "value": "comedy"}]}, {"count": 1, "predicate": "device_action", "arguments": [{"type": "device", "value": "dvd"}, {"type": "action", "value": "action"}]}, {"count": 1, "predicate": "device_action", "arguments": [{"type": "device", "value": "blu ray player"}, {"type": "action", "value": "watch movies"}]}, {"count": 1, "predicate": "device_action", "arguments": [{"type": "device", "value": "blu ray player"}, {"type": "action", "value": "rip"}]}, {"count": 1, "predicate": "device_action", "arguments": [{"type": "device", "value": "blu ray player"}, {"type": "action", "value": "burn"}]}, {"count": 1, "predicate": "device_action", "arguments": [{"type": "device", "value": "dvd"}, {"type": "action", "value": "talk shows"}]}, {"count": 1, "predicate": "device_action", "arguments": [{"type": "device", "value": "dvd"}, {"type": "action", "value": "drama"}]}, {"count": 1, "predicate": "device_action", "arguments": [{"type": "device", "value": "dvd"}, {"type": "action", "value": "throw"}]}, {"count": 1, "predicate": "device_action", "arguments": [{"type": "device", "value": "dvd"}, {"type": "action", "value": "action"}]}, {"count": 1, "predicate": "device_action", "arguments": [{"type": "device", "value": "dvd"}, {"type": "action", "value": "sports"}]}, {"count": 1, "predicate": "device_action", "arguments": [{"type": "device", "value": "dvd player"}, {"type": "action", "value": "eject disk"}]}, {"count": 1, "predicate": "device_action", "arguments": [{"type": "device", "value": "dvd player"}, {"type": "action", "value": "play"}]}, {"count": 1, "predicate": "device_action", "arguments": [{"type": "device", "value": "dvd player"}, {"type": "action", "value": "pause a movie"}]}, {"count": 1, "predicate": "device_action", "arguments": [{"type": "device", "value": "dvd player"}, {"type": "action", "value": "play a dvd"}]}, {"count": 1, "predicate": "device_action", "arguments": [{"type": "device", "value": "dvd player"}, {"type": "action", "value": "turn on"}]}, {"count": 1, "predicate": "device_action", "arguments": [{"type": "device", "value": "dvd player"}, {"type": "action", "value": "play a cd"}]}, {"count": 1, "predicate": "device_action", "arguments": [{"type": "device", "value": "dvd"}, {"type": "action", "value": "comedy"}]}, {"count": 1, "predicate": "device_action", "arguments": [{"type": "device", "value": "dvd"}, {"type": "action", "value": "news"}]}, {"count": 1, "predicate": "device_action", "arguments": [{"type": "device", "value": "dvd"}, {"type": "action", "value": "concerts"}]}, {"count": 1, "predicate": "device_action", "arguments": [{"type": "device", "value": "dvd"}, {"type": "action", "value": "talk shows"}]}, {"count": 1, "predicate": "device_action", "arguments": [{"type": "device", "value": "dvd"}, {"type": "action", "value": "action"}]}, {"count": 1, "predicate": "device_action", "arguments": [{"type": "device", "value": "dvd"}, {"type": "action", "value": "sports"}]}, {"count": 1, "predicate": "device_action", "arguments": [{"type": "device", "value": "dvd"}, {"type": "action", "value": "throw"}]}, {"count": 1, "predicate": "device_action", "arguments": [{"type": "device", "value": "dvd"}, {"type": "action", "value": "drama"}]}, {"count": 1, "predicate": "device_action", "arguments": [{"type": "device", "value": "blu ray player"}, {"type": "action", "value": "watch movies"}]}, {"count": 1, "predicate": "device_action", "arguments": [{"type": "device", "value": "blu ray player"}, {"type": "action", "value": "rip"}]}, {"count": 1, "predicate": "device_action", "arguments": [{"type": "device", "value": "blu ray player"}, {"type": "action", "value": "play it"}]}, {"count": 1, "predicate": "device_action", "arguments": [{"type": "device", "value": "blu ray player"}, {"type": "action", "value": "burn"}]}, {"count": 1, "predicate": "device_action", "arguments": [{"type": "device", "value": "tv"}, {"type": "action", "value": "watch sports"}]}, {"count": 1, "predicate": "device_action", "arguments": [{"type": "device", "value": "tv"}, {"type": "action", "value": "watch movie"}]}, {"count": 1, "predicate": "device_action", "arguments": [{"type": "device", "value": "tv"}, {"type": "action", "value": "watch news"}]}, {"count": 1, "predicate": "device_location", "arguments": [{"type": "device", "value": "xbox"}, {"type": "location", "value": "dining room"}]}, {"count": 1, "predicate": "device_location", "arguments": [{"type": "device", "value": "xbox"}, {"type": "location", "value": "room"}]}, {"count": 1, "predicate": "device_location", "arguments": [{"type": "device", "value": "xbox"}, {"type": "location", "value": "kitchen"}]}, {"count": 1, "predicate": "device_location", "arguments": [{"type": "device", "value": "xbox"}, {"type": "location", "value": "dining room"}]}, {"count": 1, "predicate": "device_location", "arguments": [{"type": "device", "value": "xbox"}, {"type": "location", "value": "best buy"}]}, {"count": 1, "predicate": "device_location", "arguments": [{"type": "device", "value": "xbox"}, {"type": "location", "value": "living room"}]}, {"count": 1, "predicate": "device_location", "arguments": [{"type": "device", "value": "xbox"}, {"type": "location", "value": "bedroom"}]}, {"count": 1, "predicate": "device_location", "arguments": [{"type": "device", "value": "xbox"}, {"type": "location", "value": "room"}]}, {"count": 1, "predicate": "device_location", "arguments": [{"type": "device", "value": "xbox"}, {"type": "location", "value": "dining room"}]}, {"count": 1, "predicate": "device_location", "arguments": [{"type": "device", "value": "xbox"}, {"type": "location", "value": "best buy"}]}, {"count": 1, "predicate": "device_location", "arguments": [{"type": "device", "value": "xbox"}, {"type": "location", "value": "room"}]}, {"count": 1, "predicate": "device_location", "arguments": [{"type": "device", "value": "xbox"}, {"type": "location", "value": "living room"}]}, {"count": 1, "predicate": "device_location", "arguments": [{"type": "device", "value": "xbox"}, {"type": "location", "value": "bedroom"}]}, {"count": 1, "predicate": "device_location", "arguments": [{"type": "device", "value": "xbox"}, {"type": "location", "value": "kitchen"}]}, {"count": 1, "predicate": "device_location", "arguments": [{"type": "device", "value": "blu ray player"}, {"type": "location", "value": "best buy"}]}, {"count": 1, "predicate": "device_location", "arguments": [{"type": "device", "value": "blu ray player"}, {"type": "location", "value": "restroom"}]}, {"count": 1, "predicate": "device_location", "arguments": [{"type": "device", "value": "blu ray player"}, {"type": "location", "value": "car"}]}, {"count": 1, "predicate": "device_location", "arguments": [{"type": "device", "value": "blu ray player"}, {"type": "location", "value": "best buy"}]}, {"count": 1, "predicate": "device_location", "arguments": [{"type": "device", "value": "blu ray player"}, {"type": "location", "value": "restroom"}]}, {"count": 1, "predicate": "device_location", "arguments": [{"type": "device", "value": "blu ray player"}, {"type": "location", "value": "car"}]}, {"count": 1, "predicate": "device_location", "arguments": [{"type": "device", "value": "blu ray player"}, {"type": "location", "value": "outside"}]}, {"count": 1, "predicate": "location_action", "arguments": [{"type": "location", "value": "house"}, {"type": "action", "value": "watch tv"}]}, {"count": 1, "predicate": "location_action", "arguments": [{"type": "location", "value": "house"}, {"type": "action", "value": "sleep"}]}, {"count": 1, "predicate": "location_action", "arguments": [{"type": "location", "value": "house"}, {"type": "action", "value": "cook"}]}, {"count": 1, "predicate": "location_action", "arguments": [{"type": "location", "value": "bedroom"}, {"type": "action", "value": "snore"}]}, {"count": 1, "predicate": "location_action", "arguments": [{"type": "location", "value": "bedroom"}, {"type": "action", "value": "snore"}]}]